from,to,price,week_day_search,day_search,part_of_day,flight_day,comp
SAO,RIO,266,Tue,09/11/18,tarde,2018-09-30,
SAO,RIO,266,Tue,09/11/18,tarde,2018-09-30,
SAO,RIO,457,Tue,09/11/18,tarde,2018-09-30,
SAO,RIO,470,Tue,09/11/18,tarde,2018-09-30,
SAO,RIO,483,Tue,09/11/18,tarde,2018-09-30,
SAO,RIO,628,Tue,09/11/18,tarde,2018-09-30,
SAO,RIO,689,Tue,09/11/18,tarde,2018-09-30,
SAO,RIO,762,Tue,09/11/18,tarde,2018-09-30,
SAO,RIO,1011,Tue,09/11/18,tarde,2018-09-30,
SAO,RIO,1099,Tue,09/11/18,tarde,2018-09-30,
SAO,BSB,475,Tue,09/11/18,tarde,2018-09-30,
SAO,BSB,541,Tue,09/11/18,tarde,2018-09-30,
SAO,BSB,574,Tue,09/11/18,tarde,2018-09-30,
SAO,BSB,580,Tue,09/11/18,tarde,2018-09-30,
SAO,BSB,611,Tue,09/11/18,tarde,2018-09-30,
SAO,BSB,624,Tue,09/11/18,tarde,2018-09-30,
SAO,BSB,625,Tue,09/11/18,tarde,2018-09-30,
SAO,BSB,666,Tue,09/11/18,tarde,2018-09-30,
SAO,BSB,734,Tue,09/11/18,tarde,2018-09-30,
SAO,BSB,743,Tue,09/11/18,tarde,2018-09-30,
SAO,FLN,370,Tue,09/11/18,tarde,2018-09-30,
SAO,FLN,370,Tue,09/11/18,tarde,2018-09-30,
SAO,FLN,370,Tue,09/11/18,tarde,2018-09-30,
SAO,FLN,477,Tue,09/11/18,tarde,2018-09-30,
SAO,FLN,490,Tue,09/11/18,tarde,2018-09-30,
SAO,FLN,532,Tue,09/11/18,tarde,2018-09-30,
SAO,FLN,534,Tue,09/11/18,tarde,2018-09-30,
SAO,FLN,547,Tue,09/11/18,tarde,2018-09-30,
SAO,FLN,605,Tue,09/11/18,tarde,2018-09-30,
SAO,FLN,627,Tue,09/11/18,tarde,2018-09-30,
BSB,FLN,491,Tue,09/11/18,tarde,2018-09-30,
BSB,FLN,527,Tue,09/11/18,tarde,2018-09-30,
BSB,FLN,591,Tue,09/11/18,tarde,2018-09-30,
BSB,FLN,717,Tue,09/11/18,tarde,2018-09-30,
BSB,FLN,734,Tue,09/11/18,tarde,2018-09-30,
BSB,FLN,737,Tue,09/11/18,tarde,2018-09-30,
BSB,FLN,865,Tue,09/11/18,tarde,2018-09-30,
BSB,FLN,874,Tue,09/11/18,tarde,2018-09-30,
BSB,FLN,924,Tue,09/11/18,tarde,2018-09-30,
BSB,FLN,973,Tue,09/11/18,tarde,2018-09-30,
BSB,POA,455,Tue,09/11/18,tarde,2018-09-30,
BSB,POA,466,Tue,09/11/18,tarde,2018-09-30,
BSB,POA,582,Tue,09/11/18,tarde,2018-09-30,
BSB,POA,611,Tue,09/11/18,tarde,2018-09-30,
BSB,POA,657,Tue,09/11/18,tarde,2018-09-30,
BSB,POA,708,Tue,09/11/18,tarde,2018-09-30,
BSB,POA,735,Tue,09/11/18,tarde,2018-09-30,
BSB,POA,821,Tue,09/11/18,tarde,2018-09-30,
BSB,POA,828,Tue,09/11/18,tarde,2018-09-30,
BSB,POA,832,Tue,09/11/18,tarde,2018-09-30,
BSB,SAO,373,Tue,09/11/18,tarde,2018-09-30,
BSB,SAO,469,Tue,09/11/18,tarde,2018-09-30,
BSB,SAO,475,Tue,09/11/18,tarde,2018-09-30,
BSB,SAO,475,Tue,09/11/18,tarde,2018-09-30,
BSB,SAO,541,Tue,09/11/18,tarde,2018-09-30,
BSB,SAO,541,Tue,09/11/18,tarde,2018-09-30,
BSB,SAO,742,Tue,09/11/18,tarde,2018-09-30,
BSB,SAO,742,Tue,09/11/18,tarde,2018-09-30,
BSB,SAO,900,Tue,09/11/18,tarde,2018-09-30,
BSB,SAO,1058,Tue,09/11/18,tarde,2018-09-30,
BSB,RIO,409,Tue,09/11/18,tarde,2018-09-30,
BSB,RIO,417,Tue,09/11/18,tarde,2018-09-30,
BSB,RIO,465,Tue,09/11/18,tarde,2018-09-30,
BSB,RIO,472,Tue,09/11/18,tarde,2018-09-30,
BSB,RIO,541,Tue,09/11/18,tarde,2018-09-30,
BSB,RIO,541,Tue,09/11/18,tarde,2018-09-30,
BSB,RIO,568,Tue,09/11/18,tarde,2018-09-30,
BSB,RIO,874,Tue,09/11/18,tarde,2018-09-30,
BSB,RIO,918,Tue,09/11/18,tarde,2018-09-30,
BSB,RIO,1350,Tue,09/11/18,tarde,2018-09-30,
RIO,FLN,420,Tue,09/11/18,tarde,2018-09-30,
RIO,FLN,552,Tue,09/11/18,tarde,2018-09-30,
RIO,FLN,553,Tue,09/11/18,tarde,2018-09-30,
RIO,FLN,588,Tue,09/11/18,tarde,2018-09-30,
RIO,FLN,656,Tue,09/11/18,tarde,2018-09-30,
RIO,FLN,663,Tue,09/11/18,tarde,2018-09-30,
RIO,FLN,734,Tue,09/11/18,tarde,2018-09-30,
RIO,FLN,856,Tue,09/11/18,tarde,2018-09-30,
RIO,FLN,1269,Tue,09/11/18,tarde,2018-09-30,
RIO,FLN,1280,Tue,09/11/18,tarde,2018-09-30,
POA,BSB,496,Tue,09/11/18,tarde,2018-09-30,
POA,BSB,496,Tue,09/11/18,tarde,2018-09-30,
POA,BSB,612,Tue,09/11/18,tarde,2018-09-30,
POA,BSB,612,Tue,09/11/18,tarde,2018-09-30,
POA,BSB,737,Tue,09/11/18,tarde,2018-09-30,
POA,BSB,766,Tue,09/11/18,tarde,2018-09-30,
POA,BSB,822,Tue,09/11/18,tarde,2018-09-30,
POA,BSB,830,Tue,09/11/18,tarde,2018-09-30,
POA,BSB,833,Tue,09/11/18,tarde,2018-09-30,
POA,BSB,958,Tue,09/11/18,tarde,2018-09-30,
POA,RIO,359,Tue,09/11/18,tarde,2018-09-30,
POA,RIO,611,Tue,09/11/18,tarde,2018-09-30,
POA,RIO,617,Tue,09/11/18,tarde,2018-09-30,
POA,RIO,638,Tue,09/11/18,tarde,2018-09-30,
POA,RIO,664,Tue,09/11/18,tarde,2018-09-30,
POA,RIO,671,Tue,09/11/18,tarde,2018-09-30,
POA,RIO,676,Tue,09/11/18,tarde,2018-09-30,
POA,RIO,721,Tue,09/11/18,tarde,2018-09-30,
POA,RIO,726,Tue,09/11/18,tarde,2018-09-30,
POA,RIO,730,Tue,09/11/18,tarde,2018-09-30,
SAO,RIO,186,Tue,09/11/18,tarde,2018-10-20,
SAO,RIO,213,Tue,09/11/18,tarde,2018-10-20,
SAO,RIO,214,Tue,09/11/18,tarde,2018-10-20,
SAO,RIO,266,Tue,09/11/18,tarde,2018-10-20,
SAO,RIO,267,Tue,09/11/18,tarde,2018-10-20,
SAO,RIO,276,Tue,09/11/18,tarde,2018-10-20,
SAO,RIO,278,Tue,09/11/18,tarde,2018-10-20,
SAO,RIO,294,Tue,09/11/18,tarde,2018-10-20,
SAO,RIO,437,Tue,09/11/18,tarde,2018-10-20,
SAO,RIO,479,Tue,09/11/18,tarde,2018-10-20,
SAO,BSB,165,Tue,09/11/18,tarde,2018-10-20,
SAO,BSB,205,Tue,09/11/18,tarde,2018-10-20,
SAO,BSB,225,Tue,09/11/18,tarde,2018-10-20,
SAO,BSB,255,Tue,09/11/18,tarde,2018-10-20,
SAO,BSB,257,Tue,09/11/18,tarde,2018-10-20,
SAO,BSB,286,Tue,09/11/18,tarde,2018-10-20,
SAO,BSB,317,Tue,09/11/18,tarde,2018-10-20,
SAO,BSB,322,Tue,09/11/18,tarde,2018-10-20,
SAO,BSB,361,Tue,09/11/18,tarde,2018-10-20,
SAO,BSB,452,Tue,09/11/18,tarde,2018-10-20,
SAO,FLN,236,Tue,09/11/18,tarde,2018-10-20,
SAO,FLN,311,Tue,09/11/18,tarde,2018-10-20,
SAO,FLN,262,Tue,09/11/18,tarde,2018-10-20,
SAO,FLN,280,Tue,09/11/18,tarde,2018-10-20,
SAO,FLN,280,Tue,09/11/18,tarde,2018-10-20,
SAO,FLN,280,Tue,09/11/18,tarde,2018-10-20,
SAO,FLN,316,Tue,09/11/18,tarde,2018-10-20,
SAO,FLN,321,Tue,09/11/18,tarde,2018-10-20,
SAO,FLN,321,Tue,09/11/18,tarde,2018-10-20,
SAO,FLN,391,Tue,09/11/18,tarde,2018-10-20,
BSB,FLN,405,Tue,09/11/18,tarde,2018-10-20,
BSB,FLN,438,Tue,09/11/18,tarde,2018-10-20,
BSB,FLN,470,Tue,09/11/18,tarde,2018-10-20,
BSB,FLN,530,Tue,09/11/18,tarde,2018-10-20,
BSB,FLN,557,Tue,09/11/18,tarde,2018-10-20,
BSB,FLN,737,Tue,09/11/18,tarde,2018-10-20,
BSB,FLN,845,Tue,09/11/18,tarde,2018-10-20,
BSB,FLN,856,Tue,09/11/18,tarde,2018-10-20,
BSB,FLN,1012,Tue,09/11/18,tarde,2018-10-20,
BSB,FLN,1067,Tue,09/11/18,tarde,2018-10-20,
BSB,POA,420,Tue,09/11/18,tarde,2018-10-20,
BSB,POA,436,Tue,09/11/18,tarde,2018-10-20,
BSB,POA,531,Tue,09/11/18,tarde,2018-10-20,
BSB,POA,531,Tue,09/11/18,tarde,2018-10-20,
BSB,POA,647,Tue,09/11/18,tarde,2018-10-20,
BSB,POA,651,Tue,09/11/18,tarde,2018-10-20,
BSB,POA,739,Tue,09/11/18,tarde,2018-10-20,
BSB,POA,821,Tue,09/11/18,tarde,2018-10-20,
BSB,POA,956,Tue,09/11/18,tarde,2018-10-20,
BSB,POA,1946,Tue,09/11/18,tarde,2018-10-20,
BSB,SAO,215,Tue,09/11/18,tarde,2018-10-20,
BSB,SAO,255,Tue,09/11/18,tarde,2018-10-20,
BSB,SAO,291,Tue,09/11/18,tarde,2018-10-20,
BSB,SAO,355,Tue,09/11/18,tarde,2018-10-20,
BSB,SAO,419,Tue,09/11/18,tarde,2018-10-20,
BSB,SAO,430,Tue,09/11/18,tarde,2018-10-20,
BSB,SAO,536,Tue,09/11/18,tarde,2018-10-20,
BSB,SAO,1037,Tue,09/11/18,tarde,2018-10-20,
BSB,SAO,1085,Tue,09/11/18,tarde,2018-10-20,
BSB,SAO,1157,Tue,09/11/18,tarde,2018-10-20,
BSB,RIO,269,Tue,09/11/18,tarde,2018-10-20,
BSB,RIO,289,Tue,09/11/18,tarde,2018-10-20,
BSB,RIO,349,Tue,09/11/18,tarde,2018-10-20,
BSB,RIO,370,Tue,09/11/18,tarde,2018-10-20,
BSB,RIO,379,Tue,09/11/18,tarde,2018-10-20,
BSB,RIO,478,Tue,09/11/18,tarde,2018-10-20,
BSB,RIO,478,Tue,09/11/18,tarde,2018-10-20,
BSB,RIO,893,Tue,09/11/18,tarde,2018-10-20,
BSB,RIO,1204,Tue,09/11/18,tarde,2018-10-20,
BSB,RIO,1273,Tue,09/11/18,tarde,2018-10-20,
RIO,FLN,324,Tue,09/11/18,tarde,2018-10-20,
RIO,FLN,384,Tue,09/11/18,tarde,2018-10-20,
RIO,FLN,358,Tue,09/11/18,tarde,2018-10-20,
RIO,FLN,409,Tue,09/11/18,tarde,2018-10-20,
RIO,FLN,409,Tue,09/11/18,tarde,2018-10-20,
RIO,FLN,411,Tue,09/11/18,tarde,2018-10-20,
RIO,FLN,428,Tue,09/11/18,tarde,2018-10-20,
RIO,FLN,430,Tue,09/11/18,tarde,2018-10-20,
RIO,FLN,430,Tue,09/11/18,tarde,2018-10-20,
RIO,FLN,440,Tue,09/11/18,tarde,2018-10-20,
POA,BSB,270,Tue,09/11/18,tarde,2018-10-20,
POA,BSB,363,Tue,09/11/18,tarde,2018-10-20,
POA,BSB,421,Tue,09/11/18,tarde,2018-10-20,
POA,BSB,438,Tue,09/11/18,tarde,2018-10-20,
POA,BSB,467,Tue,09/11/18,tarde,2018-10-20,
POA,BSB,477,Tue,09/11/18,tarde,2018-10-20,
POA,BSB,496,Tue,09/11/18,tarde,2018-10-20,
POA,BSB,533,Tue,09/11/18,tarde,2018-10-20,
POA,BSB,533,Tue,09/11/18,tarde,2018-10-20,
POA,BSB,584,Tue,09/11/18,tarde,2018-10-20,
POA,RIO,359,Tue,09/11/18,tarde,2018-10-20,
POA,RIO,453,Tue,09/11/18,tarde,2018-10-20,
POA,RIO,495,Tue,09/11/18,tarde,2018-10-20,
POA,RIO,495,Tue,09/11/18,tarde,2018-10-20,
POA,RIO,525,Tue,09/11/18,tarde,2018-10-20,
POA,RIO,580,Tue,09/11/18,tarde,2018-10-20,
POA,RIO,588,Tue,09/11/18,tarde,2018-10-20,
POA,RIO,676,Tue,09/11/18,tarde,2018-10-20,
POA,RIO,822,Tue,09/11/18,tarde,2018-10-20,
POA,RIO,897,Tue,09/11/18,tarde,2018-10-20,
SAO,RIO,196,Tue,09/11/18,tarde,2018-11-10,
SAO,RIO,201,Tue,09/11/18,tarde,2018-11-10,
SAO,RIO,202,Tue,09/11/18,tarde,2018-11-10,
SAO,RIO,202,Tue,09/11/18,tarde,2018-11-10,
SAO,RIO,211,Tue,09/11/18,tarde,2018-11-10,
SAO,RIO,211,Tue,09/11/18,tarde,2018-11-10,
SAO,RIO,213,Tue,09/11/18,tarde,2018-11-10,
SAO,RIO,214,Tue,09/11/18,tarde,2018-11-10,
SAO,RIO,214,Tue,09/11/18,tarde,2018-11-10,
SAO,RIO,221,Tue,09/11/18,tarde,2018-11-10,
SAO,BSB,177,Tue,09/11/18,tarde,2018-11-10,
SAO,BSB,182,Tue,09/11/18,tarde,2018-11-10,
SAO,BSB,186,Tue,09/11/18,tarde,2018-11-10,
SAO,BSB,190,Tue,09/11/18,tarde,2018-11-10,
SAO,BSB,232,Tue,09/11/18,tarde,2018-11-10,
SAO,BSB,253,Tue,09/11/18,tarde,2018-11-10,
SAO,BSB,255,Tue,09/11/18,tarde,2018-11-10,
SAO,BSB,257,Tue,09/11/18,tarde,2018-11-10,
SAO,BSB,452,Tue,09/11/18,tarde,2018-11-10,
SAO,BSB,479,Tue,09/11/18,tarde,2018-11-10,
SAO,FLN,211,Tue,09/11/18,tarde,2018-11-10,
SAO,FLN,214,Tue,09/11/18,tarde,2018-11-10,
SAO,FLN,232,Tue,09/11/18,tarde,2018-11-10,
SAO,FLN,232,Tue,09/11/18,tarde,2018-11-10,
SAO,FLN,260,Tue,09/11/18,tarde,2018-11-10,
SAO,FLN,270,Tue,09/11/18,tarde,2018-11-10,
SAO,FLN,272,Tue,09/11/18,tarde,2018-11-10,
SAO,FLN,280,Tue,09/11/18,tarde,2018-11-10,
SAO,FLN,280,Tue,09/11/18,tarde,2018-11-10,
SAO,FLN,316,Tue,09/11/18,tarde,2018-11-10,
BSB,FLN,382,Tue,09/11/18,tarde,2018-11-10,
BSB,FLN,405,Tue,09/11/18,tarde,2018-11-10,
BSB,FLN,417,Tue,09/11/18,tarde,2018-11-10,
BSB,FLN,420,Tue,09/11/18,tarde,2018-11-10,
BSB,FLN,430,Tue,09/11/18,tarde,2018-11-10,
BSB,FLN,438,Tue,09/11/18,tarde,2018-11-10,
BSB,FLN,557,Tue,09/11/18,tarde,2018-11-10,
BSB,FLN,737,Tue,09/11/18,tarde,2018-11-10,
BSB,FLN,918,Tue,09/11/18,tarde,2018-11-10,
BSB,FLN,2693,Tue,09/11/18,tarde,2018-11-10,
BSB,POA,269,Tue,09/11/18,tarde,2018-11-10,
BSB,POA,369,Tue,09/11/18,tarde,2018-11-10,
BSB,POA,388,Tue,09/11/18,tarde,2018-11-10,
BSB,POA,475,Tue,09/11/18,tarde,2018-11-10,
BSB,POA,531,Tue,09/11/18,tarde,2018-11-10,
BSB,POA,531,Tue,09/11/18,tarde,2018-11-10,
BSB,POA,623,Tue,09/11/18,tarde,2018-11-10,
BSB,POA,647,Tue,09/11/18,tarde,2018-11-10,
BSB,POA,647,Tue,09/11/18,tarde,2018-11-10,
BSB,POA,651,Tue,09/11/18,tarde,2018-11-10,
BSB,SAO,189,Tue,09/11/18,tarde,2018-11-10,
BSB,SAO,202,Tue,09/11/18,tarde,2018-11-10,
BSB,SAO,225,Tue,09/11/18,tarde,2018-11-10,
BSB,SAO,225,Tue,09/11/18,tarde,2018-11-10,
BSB,SAO,230,Tue,09/11/18,tarde,2018-11-10,
BSB,SAO,250,Tue,09/11/18,tarde,2018-11-10,
BSB,SAO,255,Tue,09/11/18,tarde,2018-11-10,
BSB,SAO,259,Tue,09/11/18,tarde,2018-11-10,
BSB,SAO,260,Tue,09/11/18,tarde,2018-11-10,
BSB,SAO,360,Tue,09/11/18,tarde,2018-11-10,
BSB,RIO,173,Tue,09/11/18,tarde,2018-11-10,
BSB,RIO,179,Tue,09/11/18,tarde,2018-11-10,
BSB,RIO,189,Tue,09/11/18,tarde,2018-11-10,
BSB,RIO,219,Tue,09/11/18,tarde,2018-11-10,
BSB,RIO,225,Tue,09/11/18,tarde,2018-11-10,
BSB,RIO,269,Tue,09/11/18,tarde,2018-11-10,
BSB,RIO,356,Tue,09/11/18,tarde,2018-11-10,
BSB,RIO,485,Tue,09/11/18,tarde,2018-11-10,
BSB,RIO,495,Tue,09/11/18,tarde,2018-11-10,
BSB,RIO,614,Tue,09/11/18,tarde,2018-11-10,
RIO,FLN,321,Tue,09/11/18,tarde,2018-11-10,
RIO,FLN,324,Tue,09/11/18,tarde,2018-11-10,
RIO,FLN,327,Tue,09/11/18,tarde,2018-11-10,
RIO,FLN,333,Tue,09/11/18,tarde,2018-11-10,
RIO,FLN,333,Tue,09/11/18,tarde,2018-11-10,
RIO,FLN,352,Tue,09/11/18,tarde,2018-11-10,
RIO,FLN,358,Tue,09/11/18,tarde,2018-11-10,
RIO,FLN,385,Tue,09/11/18,tarde,2018-11-10,
RIO,FLN,409,Tue,09/11/18,tarde,2018-11-10,
RIO,FLN,409,Tue,09/11/18,tarde,2018-11-10,
POA,BSB,370,Tue,09/11/18,tarde,2018-11-10,
POA,BSB,371,Tue,09/11/18,tarde,2018-11-10,
POA,BSB,390,Tue,09/11/18,tarde,2018-11-10,
POA,BSB,421,Tue,09/11/18,tarde,2018-11-10,
POA,BSB,533,Tue,09/11/18,tarde,2018-11-10,
POA,BSB,584,Tue,09/11/18,tarde,2018-11-10,
POA,BSB,649,Tue,09/11/18,tarde,2018-11-10,
POA,BSB,680,Tue,09/11/18,tarde,2018-11-10,
POA,BSB,833,Tue,09/11/18,tarde,2018-11-10,
POA,BSB,961,Tue,09/11/18,tarde,2018-11-10,
POA,RIO,326,Tue,09/11/18,tarde,2018-11-10,
POA,RIO,327,Tue,09/11/18,tarde,2018-11-10,
POA,RIO,364,Tue,09/11/18,tarde,2018-11-10,
POA,RIO,395,Tue,09/11/18,tarde,2018-11-10,
POA,RIO,588,Tue,09/11/18,tarde,2018-11-10,
POA,RIO,592,Tue,09/11/18,tarde,2018-11-10,
POA,RIO,676,Tue,09/11/18,tarde,2018-11-10,
POA,RIO,741,Tue,09/11/18,tarde,2018-11-10,
POA,RIO,833,Tue,09/11/18,tarde,2018-11-10,
POA,RIO,1508,Tue,09/11/18,tarde,2018-11-10,
SAO,RIO,196,Tue,09/11/18,tarde,2018-12-05,
SAO,RIO,202,Tue,09/11/18,tarde,2018-12-05,
SAO,RIO,202,Tue,09/11/18,tarde,2018-12-05,
SAO,RIO,202,Tue,09/11/18,tarde,2018-12-05,
SAO,RIO,213,Tue,09/11/18,tarde,2018-12-05,
SAO,RIO,214,Tue,09/11/18,tarde,2018-12-05,
SAO,RIO,214,Tue,09/11/18,tarde,2018-12-05,
SAO,RIO,221,Tue,09/11/18,tarde,2018-12-05,
SAO,RIO,226,Tue,09/11/18,tarde,2018-12-05,
SAO,RIO,237,Tue,09/11/18,tarde,2018-12-05,
SAO,BSB,150,Tue,09/11/18,tarde,2018-12-05,
SAO,BSB,182,Tue,09/11/18,tarde,2018-12-05,
SAO,BSB,190,Tue,09/11/18,tarde,2018-12-05,
SAO,BSB,205,Tue,09/11/18,tarde,2018-12-05,
SAO,BSB,232,Tue,09/11/18,tarde,2018-12-05,
SAO,BSB,257,Tue,09/11/18,tarde,2018-12-05,
SAO,BSB,322,Tue,09/11/18,tarde,2018-12-05,
SAO,BSB,356,Tue,09/11/18,tarde,2018-12-05,
SAO,BSB,399,Tue,09/11/18,tarde,2018-12-05,
SAO,BSB,565,Tue,09/11/18,tarde,2018-12-05,
SAO,FLN,211,Tue,09/11/18,tarde,2018-12-05,
SAO,FLN,214,Tue,09/11/18,tarde,2018-12-05,
SAO,FLN,214,Tue,09/11/18,tarde,2018-12-05,
SAO,FLN,232,Tue,09/11/18,tarde,2018-12-05,
SAO,FLN,232,Tue,09/11/18,tarde,2018-12-05,
SAO,FLN,241,Tue,09/11/18,tarde,2018-12-05,
SAO,FLN,241,Tue,09/11/18,tarde,2018-12-05,
SAO,FLN,260,Tue,09/11/18,tarde,2018-12-05,
SAO,FLN,261,Tue,09/11/18,tarde,2018-12-05,
SAO,FLN,270,Tue,09/11/18,tarde,2018-12-05,
BSB,FLN,320,Tue,09/11/18,tarde,2018-12-05,
BSB,FLN,344,Tue,09/11/18,tarde,2018-12-05,
BSB,FLN,364,Tue,09/11/18,tarde,2018-12-05,
BSB,FLN,381,Tue,09/11/18,tarde,2018-12-05,
BSB,FLN,382,Tue,09/11/18,tarde,2018-12-05,
BSB,FLN,407,Tue,09/11/18,tarde,2018-12-05,
BSB,FLN,417,Tue,09/11/18,tarde,2018-12-05,
BSB,FLN,438,Tue,09/11/18,tarde,2018-12-05,
BSB,FLN,438,Tue,09/11/18,tarde,2018-12-05,
BSB,FLN,452,Tue,09/11/18,tarde,2018-12-05,
BSB,POA,270,Tue,09/11/18,tarde,2018-12-05,
BSB,POA,320,Tue,09/11/18,tarde,2018-12-05,
BSB,POA,320,Tue,09/11/18,tarde,2018-12-05,
BSB,POA,369,Tue,09/11/18,tarde,2018-12-05,
BSB,POA,582,Tue,09/11/18,tarde,2018-12-05,
BSB,POA,651,Tue,09/11/18,tarde,2018-12-05,
BSB,POA,679,Tue,09/11/18,tarde,2018-12-05,
BSB,POA,755,Tue,09/11/18,tarde,2018-12-05,
BSB,POA,821,Tue,09/11/18,tarde,2018-12-05,
BSB,POA,832,Tue,09/11/18,tarde,2018-12-05,
BSB,SAO,150,Tue,09/11/18,tarde,2018-12-05,
BSB,SAO,180,Tue,09/11/18,tarde,2018-12-05,
BSB,SAO,189,Tue,09/11/18,tarde,2018-12-05,
BSB,SAO,189,Tue,09/11/18,tarde,2018-12-05,
BSB,SAO,189,Tue,09/11/18,tarde,2018-12-05,
BSB,SAO,202,Tue,09/11/18,tarde,2018-12-05,
BSB,SAO,205,Tue,09/11/18,tarde,2018-12-05,
BSB,SAO,225,Tue,09/11/18,tarde,2018-12-05,
BSB,SAO,225,Tue,09/11/18,tarde,2018-12-05,
BSB,SAO,230,Tue,09/11/18,tarde,2018-12-05,
BSB,RIO,189,Tue,09/11/18,tarde,2018-12-05,
BSB,RIO,200,Tue,09/11/18,tarde,2018-12-05,
BSB,RIO,230,Tue,09/11/18,tarde,2018-12-05,
BSB,RIO,269,Tue,09/11/18,tarde,2018-12-05,
BSB,RIO,279,Tue,09/11/18,tarde,2018-12-05,
BSB,RIO,289,Tue,09/11/18,tarde,2018-12-05,
BSB,RIO,303,Tue,09/11/18,tarde,2018-12-05,
BSB,RIO,305,Tue,09/11/18,tarde,2018-12-05,
BSB,RIO,478,Tue,09/11/18,tarde,2018-12-05,
BSB,RIO,305,Tue,09/11/18,tarde,2018-12-05,
RIO,FLN,321,Tue,09/11/18,tarde,2018-12-05,
RIO,FLN,321,Tue,09/11/18,tarde,2018-12-05,
RIO,FLN,321,Tue,09/11/18,tarde,2018-12-05,
RIO,FLN,324,Tue,09/11/18,tarde,2018-12-05,
RIO,FLN,333,Tue,09/11/18,tarde,2018-12-05,
RIO,FLN,333,Tue,09/11/18,tarde,2018-12-05,
RIO,FLN,358,Tue,09/11/18,tarde,2018-12-05,
RIO,FLN,371,Tue,09/11/18,tarde,2018-12-05,
RIO,FLN,412,Tue,09/11/18,tarde,2018-12-05,
RIO,FLN,441,Tue,09/11/18,tarde,2018-12-05,
POA,BSB,267,Tue,09/11/18,tarde,2018-12-05,
POA,BSB,270,Tue,09/11/18,tarde,2018-12-05,
POA,BSB,271,Tue,09/11/18,tarde,2018-12-05,
POA,BSB,271,Tue,09/11/18,tarde,2018-12-05,
POA,BSB,321,Tue,09/11/18,tarde,2018-12-05,
POA,BSB,321,Tue,09/11/18,tarde,2018-12-05,
POA,BSB,363,Tue,09/11/18,tarde,2018-12-05,
POA,BSB,370,Tue,09/11/18,tarde,2018-12-05,
POA,BSB,390,Tue,09/11/18,tarde,2018-12-05,
POA,BSB,406,Tue,09/11/18,tarde,2018-12-05,
POA,RIO,271,Tue,09/11/18,tarde,2018-12-05,
POA,RIO,271,Tue,09/11/18,tarde,2018-12-05,
POA,RIO,349,Tue,09/11/18,tarde,2018-12-05,
POA,RIO,350,Tue,09/11/18,tarde,2018-12-05,
POA,RIO,364,Tue,09/11/18,tarde,2018-12-05,
POA,RIO,395,Tue,09/11/18,tarde,2018-12-05,
POA,RIO,471,Tue,09/11/18,tarde,2018-12-05,
POA,RIO,485,Tue,09/11/18,tarde,2018-12-05,
POA,RIO,525,Tue,09/11/18,tarde,2018-12-05,
POA,RIO,580,Tue,09/11/18,tarde,2018-12-05,
SAO,RIO,202,Tue,09/11/18,tarde,2018-12-20,
SAO,RIO,267,Tue,09/11/18,tarde,2018-12-20,
SAO,RIO,211,Tue,09/11/18,tarde,2018-12-20,
SAO,RIO,213,Tue,09/11/18,tarde,2018-12-20,
SAO,RIO,214,Tue,09/11/18,tarde,2018-12-20,
SAO,RIO,221,Tue,09/11/18,tarde,2018-12-20,
SAO,RIO,221,Tue,09/11/18,tarde,2018-12-20,
SAO,RIO,242,Tue,09/11/18,tarde,2018-12-20,
SAO,RIO,256,Tue,09/11/18,tarde,2018-12-20,
SAO,RIO,280,Tue,09/11/18,tarde,2018-12-20,
SAO,BSB,182,Tue,09/11/18,tarde,2018-12-20,
SAO,BSB,190,Tue,09/11/18,tarde,2018-12-20,
SAO,BSB,232,Tue,09/11/18,tarde,2018-12-20,
SAO,BSB,252,Tue,09/11/18,tarde,2018-12-20,
SAO,BSB,356,Tue,09/11/18,tarde,2018-12-20,
SAO,BSB,361,Tue,09/11/18,tarde,2018-12-20,
SAO,BSB,541,Tue,09/11/18,tarde,2018-12-20,
SAO,BSB,666,Tue,09/11/18,tarde,2018-12-20,
SAO,BSB,842,Tue,09/11/18,tarde,2018-12-20,
SAO,BSB,1050,Tue,09/11/18,tarde,2018-12-20,
SAO,FLN,214,Tue,09/11/18,tarde,2018-12-20,
SAO,FLN,232,Tue,09/11/18,tarde,2018-12-20,
SAO,FLN,272,Tue,09/11/18,tarde,2018-12-20,
SAO,FLN,280,Tue,09/11/18,tarde,2018-12-20,
SAO,FLN,321,Tue,09/11/18,tarde,2018-12-20,
SAO,FLN,391,Tue,09/11/18,tarde,2018-12-20,
SAO,FLN,401,Tue,09/11/18,tarde,2018-12-20,
SAO,FLN,437,Tue,09/11/18,tarde,2018-12-20,
SAO,FLN,438,Tue,09/11/18,tarde,2018-12-20,
SAO,FLN,457,Tue,09/11/18,tarde,2018-12-20,
BSB,FLN,438,Tue,09/11/18,tarde,2018-12-20,
BSB,FLN,525,Tue,09/11/18,tarde,2018-12-20,
BSB,FLN,557,Tue,09/11/18,tarde,2018-12-20,
BSB,FLN,590,Tue,09/11/18,tarde,2018-12-20,
BSB,FLN,693,Tue,09/11/18,tarde,2018-12-20,
BSB,FLN,736,Tue,09/11/18,tarde,2018-12-20,
BSB,FLN,805,Tue,09/11/18,tarde,2018-12-20,
BSB,FLN,845,Tue,09/11/18,tarde,2018-12-20,
BSB,FLN,874,Tue,09/11/18,tarde,2018-12-20,
BSB,FLN,925,Tue,09/11/18,tarde,2018-12-20,
BSB,POA,531,Tue,09/11/18,tarde,2018-12-20,
BSB,POA,550,Tue,09/11/18,tarde,2018-12-20,
BSB,POA,647,Tue,09/11/18,tarde,2018-12-20,
BSB,POA,708,Tue,09/11/18,tarde,2018-12-20,
BSB,POA,755,Tue,09/11/18,tarde,2018-12-20,
BSB,POA,846,Tue,09/11/18,tarde,2018-12-20,
BSB,POA,882,Tue,09/11/18,tarde,2018-12-20,
BSB,POA,956,Tue,09/11/18,tarde,2018-12-20,
BSB,POA,976,Tue,09/11/18,tarde,2018-12-20,
BSB,POA,1035,Tue,09/11/18,tarde,2018-12-20,
BSB,SAO,230,Tue,09/11/18,tarde,2018-12-20,
BSB,SAO,255,Tue,09/11/18,tarde,2018-12-20,
BSB,SAO,267,Tue,09/11/18,tarde,2018-12-20,
BSB,SAO,395,Tue,09/11/18,tarde,2018-12-20,
BSB,SAO,419,Tue,09/11/18,tarde,2018-12-20,
BSB,SAO,469,Tue,09/11/18,tarde,2018-12-20,
BSB,SAO,536,Tue,09/11/18,tarde,2018-12-20,
BSB,SAO,541,Tue,09/11/18,tarde,2018-12-20,
BSB,SAO,771,Tue,09/11/18,tarde,2018-12-20,
BSB,SAO,877,Tue,09/11/18,tarde,2018-12-20,
BSB,RIO,269,Tue,09/11/18,tarde,2018-12-20,
BSB,RIO,356,Tue,09/11/18,tarde,2018-12-20,
BSB,RIO,379,Tue,09/11/18,tarde,2018-12-20,
BSB,RIO,409,Tue,09/11/18,tarde,2018-12-20,
BSB,RIO,478,Tue,09/11/18,tarde,2018-12-20,
BSB,RIO,614,Tue,09/11/18,tarde,2018-12-20,
BSB,RIO,755,Tue,09/11/18,tarde,2018-12-20,
BSB,RIO,874,Tue,09/11/18,tarde,2018-12-20,
BSB,RIO,920,Tue,09/11/18,tarde,2018-12-20,
BSB,RIO,1138,Tue,09/11/18,tarde,2018-12-20,
RIO,FLN,333,Tue,09/11/18,tarde,2018-12-20,
RIO,FLN,409,Tue,09/11/18,tarde,2018-12-20,
RIO,FLN,409,Tue,09/11/18,tarde,2018-12-20,
RIO,FLN,428,Tue,09/11/18,tarde,2018-12-20,
RIO,FLN,430,Tue,09/11/18,tarde,2018-12-20,
RIO,FLN,435,Tue,09/11/18,tarde,2018-12-20,
RIO,FLN,466,Tue,09/11/18,tarde,2018-12-20,
RIO,FLN,469,Tue,09/11/18,tarde,2018-12-20,
RIO,FLN,474,Tue,09/11/18,tarde,2018-12-20,
RIO,FLN,500,Tue,09/11/18,tarde,2018-12-20,
POA,BSB,271,Tue,09/11/18,tarde,2018-12-20,
POA,BSB,321,Tue,09/11/18,tarde,2018-12-20,
POA,BSB,370,Tue,09/11/18,tarde,2018-12-20,
POA,BSB,421,Tue,09/11/18,tarde,2018-12-20,
POA,BSB,421,Tue,09/11/18,tarde,2018-12-20,
POA,BSB,467,Tue,09/11/18,tarde,2018-12-20,
POA,BSB,490,Tue,09/11/18,tarde,2018-12-20,
POA,BSB,496,Tue,09/11/18,tarde,2018-12-20,
POA,BSB,533,Tue,09/11/18,tarde,2018-12-20,
POA,BSB,584,Tue,09/11/18,tarde,2018-12-20,
POA,RIO,327,Tue,09/11/18,tarde,2018-12-20,
POA,RIO,349,Tue,09/11/18,tarde,2018-12-20,
POA,RIO,358,Tue,09/11/18,tarde,2018-12-20,
POA,RIO,364,Tue,09/11/18,tarde,2018-12-20,
POA,RIO,400,Tue,09/11/18,tarde,2018-12-20,
POA,RIO,452,Tue,09/11/18,tarde,2018-12-20,
POA,RIO,483,Tue,09/11/18,tarde,2018-12-20,
POA,RIO,495,Tue,09/11/18,tarde,2018-12-20,
POA,RIO,610,Tue,09/11/18,tarde,2018-12-20,
POA,RIO,611,Tue,09/11/18,tarde,2018-12-20,
SAO,RIO,224,Tue,09/11/18,noite,2018-09-30, LATAM 
SAO,RIO,289,Tue,09/11/18,noite,2018-09-30, LATAM 
SAO,RIO,232,Tue,09/11/18,noite,2018-09-30, Azul 
SAO,RIO,266,Tue,09/11/18,noite,2018-09-30, LATAM 
SAO,RIO,266,Tue,09/11/18,noite,2018-09-30, Gol 
SAO,RIO,270,Tue,09/11/18,noite,2018-09-30, Avianca Brasil 
SAO,RIO,290,Tue,09/11/18,noite,2018-09-30, LATAM 
SAO,RIO,301,Tue,09/11/18,noite,2018-09-30, Azul 
SAO,RIO,346,Tue,09/11/18,noite,2018-09-30, LATAM 
SAO,RIO,381,Tue,09/11/18,noite,2018-09-30, LATAM 
SAO,BSB,475,Tue,09/11/18,noite,2018-09-30, Gol 
SAO,BSB,535,Tue,09/11/18,noite,2018-09-30, LATAM 
SAO,BSB,574,Tue,09/11/18,noite,2018-09-30, LATAM 
SAO,BSB,611,Tue,09/11/18,noite,2018-09-30, Azul 
SAO,BSB,624,Tue,09/11/18,noite,2018-09-30, Avianca Brasil 
SAO,BSB,635,Tue,09/11/18,noite,2018-09-30, Azul 
SAO,BSB,666,Tue,09/11/18,noite,2018-09-30, Azul 
SAO,BSB,679,Tue,09/11/18,noite,2018-09-30, LATAM 
SAO,BSB,680,Tue,09/11/18,noite,2018-09-30, Passaredo 
SAO,BSB,690,Tue,09/11/18,noite,2018-09-30, Azul 
SAO,FLN,238,Tue,09/11/18,noite,2018-09-30, Gol 
SAO,FLN,335,Tue,09/11/18,noite,2018-09-30, Azul 
SAO,FLN,370,Tue,09/11/18,noite,2018-09-30, LATAM 
SAO,FLN,477,Tue,09/11/18,noite,2018-09-30, Avianca Brasil 
SAO,FLN,490,Tue,09/11/18,noite,2018-09-30, Azul 
SAO,FLN,492,Tue,09/11/18,noite,2018-09-30, Azul 
SAO,FLN,532,Tue,09/11/18,noite,2018-09-30, Avianca Brasil 
SAO,FLN,534,Tue,09/11/18,noite,2018-09-30, LATAM 
SAO,FLN,547,Tue,09/11/18,noite,2018-09-30, Azul 
SAO,FLN,605,Tue,09/11/18,noite,2018-09-30, LATAM 
BSB,FLN,448,Tue,09/11/18,noite,2018-09-30, Azul 
BSB,FLN,527,Tue,09/11/18,noite,2018-09-30, Azul 
BSB,FLN,560,Tue,09/11/18,noite,2018-09-30, Azul 
BSB,FLN,717,Tue,09/11/18,noite,2018-09-30, Avianca Brasil 
BSB,FLN,734,Tue,09/11/18,noite,2018-09-30, LATAM 
BSB,FLN,865,Tue,09/11/18,noite,2018-09-30, LATAM 
BSB,FLN,874,Tue,09/11/18,noite,2018-09-30, Azul 
BSB,FLN,924,Tue,09/11/18,noite,2018-09-30, LATAM 
BSB,FLN,973,Tue,09/11/18,noite,2018-09-30, LATAM 
BSB,FLN,1012,Tue,09/11/18,noite,2018-09-30, Gol 
BSB,POA,455,Tue,09/11/18,noite,2018-09-30, Azul 
BSB,POA,582,Tue,09/11/18,noite,2018-09-30, Azul 
BSB,POA,611,Tue,09/11/18,noite,2018-09-30, LATAM 
BSB,POA,657,Tue,09/11/18,noite,2018-09-30, LATAM 
BSB,POA,679,Tue,09/11/18,noite,2018-09-30, Azul 
BSB,POA,708,Tue,09/11/18,noite,2018-09-30, LATAM 
BSB,POA,735,Tue,09/11/18,noite,2018-09-30, LATAM 
BSB,POA,821,Tue,09/11/18,noite,2018-09-30, Avianca Brasil 
BSB,POA,828,Tue,09/11/18,noite,2018-09-30, Gol 
BSB,POA,832,Tue,09/11/18,noite,2018-09-30, Avianca Brasil 
BSB,SAO,269,Tue,09/11/18,noite,2018-09-30, Avianca Brasil 
BSB,SAO,356,Tue,09/11/18,noite,2018-09-30, Azul 
BSB,SAO,373,Tue,09/11/18,noite,2018-09-30, Passaredo 
BSB,SAO,469,Tue,09/11/18,noite,2018-09-30, Avianca Brasil 
BSB,SAO,475,Tue,09/11/18,noite,2018-09-30, Gol 
BSB,SAO,475,Tue,09/11/18,noite,2018-09-30, LATAM 
BSB,SAO,515,Tue,09/11/18,noite,2018-09-30, LATAM 
BSB,SAO,541,Tue,09/11/18,noite,2018-09-30, Azul 
BSB,SAO,572,Tue,09/11/18,noite,2018-09-30, LATAM 
BSB,SAO,610,Tue,09/11/18,noite,2018-09-30, Azul 
BSB,RIO,375,Tue,09/11/18,noite,2018-09-30, Azul 
BSB,RIO,435,Tue,09/11/18,noite,2018-09-30, Azul 
BSB,RIO,409,Tue,09/11/18,noite,2018-09-30, Avianca Brasil 
BSB,RIO,417,Tue,09/11/18,noite,2018-09-30, Gol 
BSB,RIO,417,Tue,09/11/18,noite,2018-09-30, Azul 
BSB,RIO,417,Tue,09/11/18,noite,2018-09-30, LATAM 
BSB,RIO,442,Tue,09/11/18,noite,2018-09-30, Azul 
BSB,RIO,465,Tue,09/11/18,noite,2018-09-30, Avianca Brasil 
BSB,RIO,485,Tue,09/11/18,noite,2018-09-30, Azul 
BSB,RIO,495,Tue,09/11/18,noite,2018-09-30, LATAM 
RIO,FLN,420,Tue,09/11/18,noite,2018-09-30, LATAM 
RIO,FLN,486,Tue,09/11/18,noite,2018-09-30, LATAM 
RIO,FLN,463,Tue,09/11/18,noite,2018-09-30, Azul 
RIO,FLN,474,Tue,09/11/18,noite,2018-09-30, Azul 
RIO,FLN,503,Tue,09/11/18,noite,2018-09-30, LATAM 
RIO,FLN,534,Tue,09/11/18,noite,2018-09-30, LATAM 
RIO,FLN,552,Tue,09/11/18,noite,2018-09-30, Gol 
RIO,FLN,553,Tue,09/11/18,noite,2018-09-30, Avianca Brasil 
RIO,FLN,556,Tue,09/11/18,noite,2018-09-30, LATAM 
RIO,FLN,557,Tue,09/11/18,noite,2018-09-30, Azul 
POA,BSB,467,Tue,09/11/18,noite,2018-09-30, Azul 
POA,BSB,496,Tue,09/11/18,noite,2018-09-30, LATAM 
POA,BSB,612,Tue,09/11/18,noite,2018-09-30, LATAM 
POA,BSB,659,Tue,09/11/18,noite,2018-09-30, LATAM 
POA,BSB,737,Tue,09/11/18,noite,2018-09-30, LATAM 
POA,BSB,766,Tue,09/11/18,noite,2018-09-30, LATAM 
POA,BSB,822,Tue,09/11/18,noite,2018-09-30, Avianca Brasil 
POA,BSB,830,Tue,09/11/18,noite,2018-09-30, Gol 
POA,BSB,833,Tue,09/11/18,noite,2018-09-30, Avianca Brasil 
POA,BSB,848,Tue,09/11/18,noite,2018-09-30, Azul 
POA,RIO,359,Tue,09/11/18,noite,2018-09-30, LATAM 
POA,RIO,611,Tue,09/11/18,noite,2018-09-30, Azul 
POA,RIO,638,Tue,09/11/18,noite,2018-09-30, Azul 
POA,RIO,664,Tue,09/11/18,noite,2018-09-30, Avianca Brasil 
POA,RIO,671,Tue,09/11/18,noite,2018-09-30, Azul 
POA,RIO,676,Tue,09/11/18,noite,2018-09-30, Azul 
POA,RIO,721,Tue,09/11/18,noite,2018-09-30, LATAM 
POA,RIO,726,Tue,09/11/18,noite,2018-09-30, Azul 
POA,RIO,730,Tue,09/11/18,noite,2018-09-30, Avianca Brasil 
POA,RIO,734,Tue,09/11/18,noite,2018-09-30, Gol 
SAO,RIO,170,Tue,09/11/18,noite,2018-10-20, Avianca Brasil 
SAO,RIO,180,Tue,09/11/18,noite,2018-10-20, LATAM 
SAO,RIO,186,Tue,09/11/18,noite,2018-10-20, Azul 
SAO,RIO,191,Tue,09/11/18,noite,2018-10-20, Azul 
SAO,RIO,199,Tue,09/11/18,noite,2018-10-20, Azul 
SAO,RIO,201,Tue,09/11/18,noite,2018-10-20, Avianca Brasil 
SAO,RIO,203,Tue,09/11/18,noite,2018-10-20, LATAM 
SAO,RIO,211,Tue,09/11/18,noite,2018-10-20, Gol 
SAO,RIO,211,Tue,09/11/18,noite,2018-10-20, Azul 
SAO,RIO,213,Tue,09/11/18,noite,2018-10-20, Passaredo 
SAO,BSB,165,Tue,09/11/18,noite,2018-10-20, Gol 
SAO,BSB,176,Tue,09/11/18,noite,2018-10-20, Azul 
SAO,BSB,205,Tue,09/11/18,noite,2018-10-20, Azul 
SAO,BSB,218,Tue,09/11/18,noite,2018-10-20, Azul 
SAO,BSB,225,Tue,09/11/18,noite,2018-10-20, LATAM 
SAO,BSB,255,Tue,09/11/18,noite,2018-10-20, Azul 
SAO,BSB,257,Tue,09/11/18,noite,2018-10-20, Passaredo 
SAO,BSB,261,Tue,09/11/18,noite,2018-10-20, Gol 
SAO,BSB,266,Tue,09/11/18,noite,2018-10-20, Azul 
SAO,BSB,286,Tue,09/11/18,noite,2018-10-20, LATAM 
SAO,FLN,236,Tue,09/11/18,noite,2018-10-20, Avianca Brasil 
SAO,FLN,262,Tue,09/11/18,noite,2018-10-20, LATAM 
SAO,FLN,280,Tue,09/11/18,noite,2018-10-20, Azul 
SAO,FLN,280,Tue,09/11/18,noite,2018-10-20, LATAM 
SAO,FLN,321,Tue,09/11/18,noite,2018-10-20, Gol 
SAO,FLN,321,Tue,09/11/18,noite,2018-10-20, LATAM 
SAO,FLN,322,Tue,09/11/18,noite,2018-10-20, Gol 
SAO,FLN,391,Tue,09/11/18,noite,2018-10-20, Gol 
SAO,FLN,401,Tue,09/11/18,noite,2018-10-20, Azul 
SAO,FLN,477,Tue,09/11/18,noite,2018-10-20, Avianca Brasil 
BSB,FLN,405,Tue,09/11/18,noite,2018-10-20, Avianca Brasil 
BSB,FLN,481,Tue,09/11/18,noite,2018-10-20, Avianca Brasil 
BSB,FLN,438,Tue,09/11/18,noite,2018-10-20, Gol 
BSB,FLN,470,Tue,09/11/18,noite,2018-10-20, LATAM 
BSB,FLN,546,Tue,09/11/18,noite,2018-10-20, LATAM 
BSB,FLN,557,Tue,09/11/18,noite,2018-10-20, LATAM 
BSB,FLN,632,Tue,09/11/18,noite,2018-10-20, Azul 
BSB,FLN,733,Tue,09/11/18,noite,2018-10-20, Azul 
BSB,FLN,845,Tue,09/11/18,noite,2018-10-20, Gol 
BSB,FLN,1012,Tue,09/11/18,noite,2018-10-20, Gol 
BSB,POA,420,Tue,09/11/18,noite,2018-10-20, LATAM 
BSB,POA,436,Tue,09/11/18,noite,2018-10-20, LATAM 
BSB,POA,494,Tue,09/11/18,noite,2018-10-20, LATAM 
BSB,POA,531,Tue,09/11/18,noite,2018-10-20, Gol 
BSB,POA,531,Tue,09/11/18,noite,2018-10-20, LATAM 
BSB,POA,651,Tue,09/11/18,noite,2018-10-20, Avianca Brasil 
BSB,POA,657,Tue,09/11/18,noite,2018-10-20, LATAM 
BSB,POA,739,Tue,09/11/18,noite,2018-10-20, Avianca Brasil 
BSB,POA,755,Tue,09/11/18,noite,2018-10-20, Gol 
BSB,POA,765,Tue,09/11/18,noite,2018-10-20, LATAM 
BSB,SAO,215,Tue,09/11/18,noite,2018-10-20, Azul 
BSB,SAO,265,Tue,09/11/18,noite,2018-10-20, Azul 
BSB,SAO,255,Tue,09/11/18,noite,2018-10-20, Passaredo 
BSB,SAO,260,Tue,09/11/18,noite,2018-10-20, Gol 
BSB,SAO,291,Tue,09/11/18,noite,2018-10-20, LATAM 
BSB,SAO,320,Tue,09/11/18,noite,2018-10-20, Gol 
BSB,SAO,340,Tue,09/11/18,noite,2018-10-20, Gol 
BSB,SAO,355,Tue,09/11/18,noite,2018-10-20, LATAM 
BSB,SAO,355,Tue,09/11/18,noite,2018-10-20, Gol 
BSB,SAO,355,Tue,09/11/18,noite,2018-10-20, Avianca Brasil 
BSB,RIO,269,Tue,09/11/18,noite,2018-10-20, Passaredo 
BSB,RIO,364,Tue,09/11/18,noite,2018-10-20, Avianca Brasil 
BSB,RIO,289,Tue,09/11/18,noite,2018-10-20, Avianca Brasil 
BSB,RIO,349,Tue,09/11/18,noite,2018-10-20, Avianca Brasil 
BSB,RIO,379,Tue,09/11/18,noite,2018-10-20, Avianca Brasil 
BSB,RIO,390,Tue,09/11/18,noite,2018-10-20, LATAM 
BSB,RIO,391,Tue,09/11/18,noite,2018-10-20, LATAM 
BSB,RIO,417,Tue,09/11/18,noite,2018-10-20, Gol 
BSB,RIO,417,Tue,09/11/18,noite,2018-10-20, LATAM 
BSB,RIO,448,Tue,09/11/18,noite,2018-10-20, LATAM 
RIO,FLN,324,Tue,09/11/18,noite,2018-10-20, Azul 
RIO,FLN,384,Tue,09/11/18,noite,2018-10-20, Azul 
RIO,FLN,335,Tue,09/11/18,noite,2018-10-20, Avianca Brasil 
RIO,FLN,358,Tue,09/11/18,noite,2018-10-20, Azul 
RIO,FLN,409,Tue,09/11/18,noite,2018-10-20, Gol 
RIO,FLN,409,Tue,09/11/18,noite,2018-10-20, LATAM 
RIO,FLN,411,Tue,09/11/18,noite,2018-10-20, Avianca Brasil 
RIO,FLN,428,Tue,09/11/18,noite,2018-10-20, Azul 
RIO,FLN,430,Tue,09/11/18,noite,2018-10-20, Gol 
RIO,FLN,430,Tue,09/11/18,noite,2018-10-20, LATAM 
POA,BSB,270,Tue,09/11/18,noite,2018-10-20, Azul 
POA,BSB,330,Tue,09/11/18,noite,2018-10-20, Azul 
POA,BSB,421,Tue,09/11/18,noite,2018-10-20, LATAM 
POA,BSB,438,Tue,09/11/18,noite,2018-10-20, LATAM 
POA,BSB,467,Tue,09/11/18,noite,2018-10-20, Azul 
POA,BSB,477,Tue,09/11/18,noite,2018-10-20, Avianca Brasil 
POA,BSB,496,Tue,09/11/18,noite,2018-10-20, LATAM 
POA,BSB,533,Tue,09/11/18,noite,2018-10-20, Gol 
POA,BSB,533,Tue,09/11/18,noite,2018-10-20, LATAM 
POA,BSB,584,Tue,09/11/18,noite,2018-10-20, Azul 
POA,RIO,359,Tue,09/11/18,noite,2018-10-20, LATAM 
POA,RIO,424,Tue,09/11/18,noite,2018-10-20, LATAM 
POA,RIO,395,Tue,09/11/18,noite,2018-10-20, Azul 
POA,RIO,433,Tue,09/11/18,noite,2018-10-20, Azul 
POA,RIO,453,Tue,09/11/18,noite,2018-10-20, Gol 
POA,RIO,485,Tue,09/11/18,noite,2018-10-20, Azul 
POA,RIO,495,Tue,09/11/18,noite,2018-10-20, Gol 
POA,RIO,495,Tue,09/11/18,noite,2018-10-20, LATAM 
POA,RIO,502,Tue,09/11/18,noite,2018-10-20, Avianca Brasil 
POA,RIO,525,Tue,09/11/18,noite,2018-10-20, Avianca Brasil 
SAO,RIO,170,Tue,09/11/18,noite,2018-11-10, Avianca Brasil 
SAO,RIO,180,Tue,09/11/18,noite,2018-11-10, LATAM 
SAO,RIO,186,Tue,09/11/18,noite,2018-11-10, Azul 
SAO,RIO,191,Tue,09/11/18,noite,2018-11-10, Azul 
SAO,RIO,196,Tue,09/11/18,noite,2018-11-10, Avianca Brasil 
SAO,RIO,201,Tue,09/11/18,noite,2018-11-10, Avianca Brasil 
SAO,RIO,203,Tue,09/11/18,noite,2018-11-10, LATAM 
SAO,RIO,211,Tue,09/11/18,noite,2018-11-10, Gol 
SAO,RIO,211,Tue,09/11/18,noite,2018-11-10, Azul 
SAO,RIO,213,Tue,09/11/18,noite,2018-11-10, Passaredo 
SAO,BSB,177,Tue,09/11/18,noite,2018-11-10, Avianca Brasil 
SAO,BSB,252,Tue,09/11/18,noite,2018-11-10, Avianca Brasil 
SAO,BSB,182,Tue,09/11/18,noite,2018-11-10, LATAM 
SAO,BSB,182,Tue,09/11/18,noite,2018-11-10, LATAM 
SAO,BSB,186,Tue,09/11/18,noite,2018-11-10, Avianca Brasil 
SAO,BSB,189,Tue,09/11/18,noite,2018-11-10, Azul 
SAO,BSB,190,Tue,09/11/18,noite,2018-11-10, LATAM 
SAO,BSB,205,Tue,09/11/18,noite,2018-11-10, Azul 
SAO,BSB,225,Tue,09/11/18,noite,2018-11-10, Gol 
SAO,BSB,225,Tue,09/11/18,noite,2018-11-10, LATAM 
SAO,FLN,211,Tue,09/11/18,noite,2018-11-10, Azul 
SAO,FLN,261,Tue,09/11/18,noite,2018-11-10, Azul 
SAO,FLN,232,Tue,09/11/18,noite,2018-11-10, LATAM 
SAO,FLN,260,Tue,09/11/18,noite,2018-11-10, Avianca Brasil 
SAO,FLN,270,Tue,09/11/18,noite,2018-11-10, Azul 
SAO,FLN,272,Tue,09/11/18,noite,2018-11-10, LATAM 
SAO,FLN,280,Tue,09/11/18,noite,2018-11-10, Azul 
SAO,FLN,280,Tue,09/11/18,noite,2018-11-10, Gol 
SAO,FLN,316,Tue,09/11/18,noite,2018-11-10, Avianca Brasil 
SAO,FLN,321,Tue,09/11/18,noite,2018-11-10, Gol 
BSB,FLN,359,Tue,09/11/18,noite,2018-11-10, LATAM 
BSB,FLN,382,Tue,09/11/18,noite,2018-11-10, Azul 
BSB,FLN,405,Tue,09/11/18,noite,2018-11-10, Avianca Brasil 
BSB,FLN,417,Tue,09/11/18,noite,2018-11-10, LATAM 
BSB,FLN,420,Tue,09/11/18,noite,2018-11-10, LATAM 
BSB,FLN,438,Tue,09/11/18,noite,2018-11-10, Gol 
BSB,FLN,557,Tue,09/11/18,noite,2018-11-10, LATAM 
BSB,FLN,663,Tue,09/11/18,noite,2018-11-10, Azul 
BSB,FLN,918,Tue,09/11/18,noite,2018-11-10, LATAM 
BSB,FLN,2693,Tue,09/11/18,noite,2018-11-10, LATAM 
BSB,POA,388,Tue,09/11/18,noite,2018-11-10, LATAM 
BSB,POA,453,Tue,09/11/18,noite,2018-11-10, LATAM 
BSB,POA,436,Tue,09/11/18,noite,2018-11-10, LATAM 
BSB,POA,466,Tue,09/11/18,noite,2018-11-10, Azul 
BSB,POA,475,Tue,09/11/18,noite,2018-11-10, Avianca Brasil 
BSB,POA,494,Tue,09/11/18,noite,2018-11-10, LATAM 
BSB,POA,531,Tue,09/11/18,noite,2018-11-10, LATAM 
BSB,POA,531,Tue,09/11/18,noite,2018-11-10, Gol 
BSB,POA,582,Tue,09/11/18,noite,2018-11-10, Azul 
BSB,POA,611,Tue,09/11/18,noite,2018-11-10, LATAM 
BSB,SAO,165,Tue,09/11/18,noite,2018-11-10, Gol 
BSB,SAO,180,Tue,09/11/18,noite,2018-11-10, LATAM 
BSB,SAO,188,Tue,09/11/18,noite,2018-11-10, Azul 
BSB,SAO,189,Tue,09/11/18,noite,2018-11-10, LATAM 
BSB,SAO,198,Tue,09/11/18,noite,2018-11-10, Azul 
BSB,SAO,202,Tue,09/11/18,noite,2018-11-10, Azul 
BSB,SAO,205,Tue,09/11/18,noite,2018-11-10, Azul 
BSB,SAO,225,Tue,09/11/18,noite,2018-11-10, LATAM 
BSB,SAO,225,Tue,09/11/18,noite,2018-11-10, Avianca Brasil 
BSB,SAO,250,Tue,09/11/18,noite,2018-11-10, LATAM 
BSB,RIO,163,Tue,09/11/18,noite,2018-11-10, Azul 
BSB,RIO,179,Tue,09/11/18,noite,2018-11-10, Avianca Brasil 
BSB,RIO,219,Tue,09/11/18,noite,2018-11-10, Avianca Brasil 
BSB,RIO,225,Tue,09/11/18,noite,2018-11-10, Avianca Brasil 
BSB,RIO,229,Tue,09/11/18,noite,2018-11-10, Gol 
BSB,RIO,269,Tue,09/11/18,noite,2018-11-10, Passaredo 
BSB,RIO,279,Tue,09/11/18,noite,2018-11-10, Azul 
BSB,RIO,485,Tue,09/11/18,noite,2018-11-10, Azul 
BSB,RIO,495,Tue,09/11/18,noite,2018-11-10, Gol 
BSB,RIO,614,Tue,09/11/18,noite,2018-11-10, Gol 
RIO,FLN,321,Tue,09/11/18,noite,2018-11-10, LATAM 
RIO,FLN,386,Tue,09/11/18,noite,2018-11-10, LATAM 
RIO,FLN,324,Tue,09/11/18,noite,2018-11-10, Azul 
RIO,FLN,327,Tue,09/11/18,noite,2018-11-10, Avianca Brasil 
RIO,FLN,333,Tue,09/11/18,noite,2018-11-10, LATAM 
RIO,FLN,352,Tue,09/11/18,noite,2018-11-10, LATAM 
RIO,FLN,358,Tue,09/11/18,noite,2018-11-10, Azul 
RIO,FLN,385,Tue,09/11/18,noite,2018-11-10, Avianca Brasil 
RIO,FLN,386,Tue,09/11/18,noite,2018-11-10, Azul 
RIO,FLN,409,Tue,09/11/18,noite,2018-11-10, Azul 
POA,BSB,267,Tue,09/11/18,noite,2018-11-10, Azul 
POA,BSB,327,Tue,09/11/18,noite,2018-11-10, Azul 
POA,BSB,270,Tue,09/11/18,noite,2018-11-10, Azul 
POA,BSB,363,Tue,09/11/18,noite,2018-11-10, Azul 
POA,BSB,371,Tue,09/11/18,noite,2018-11-10, LATAM 
POA,BSB,390,Tue,09/11/18,noite,2018-11-10, LATAM 
POA,BSB,421,Tue,09/11/18,noite,2018-11-10, LATAM 
POA,BSB,438,Tue,09/11/18,noite,2018-11-10, LATAM 
POA,BSB,467,Tue,09/11/18,noite,2018-11-10, Azul 
POA,BSB,533,Tue,09/11/18,noite,2018-11-10, Gol 
POA,RIO,326,Tue,09/11/18,noite,2018-11-10, LATAM 
POA,RIO,396,Tue,09/11/18,noite,2018-11-10, LATAM 
POA,RIO,327,Tue,09/11/18,noite,2018-11-10, LATAM 
POA,RIO,358,Tue,09/11/18,noite,2018-11-10, LATAM 
POA,RIO,395,Tue,09/11/18,noite,2018-11-10, Azul 
POA,RIO,396,Tue,09/11/18,noite,2018-11-10, LATAM 
POA,RIO,400,Tue,09/11/18,noite,2018-11-10, LATAM 
POA,RIO,431,Tue,09/11/18,noite,2018-11-10, LATAM 
POA,RIO,433,Tue,09/11/18,noite,2018-11-10, Azul 
POA,RIO,443,Tue,09/11/18,noite,2018-11-10, LATAM 
SAO,RIO,180,Tue,09/11/18,noite,2018-12-05, LATAM 
SAO,RIO,196,Tue,09/11/18,noite,2018-12-05, Avianca Brasil 
SAO,RIO,202,Tue,09/11/18,noite,2018-12-05, Gol 
SAO,RIO,203,Tue,09/11/18,noite,2018-12-05, LATAM 
SAO,RIO,211,Tue,09/11/18,noite,2018-12-05, Gol 
SAO,RIO,211,Tue,09/11/18,noite,2018-12-05, Azul 
SAO,RIO,213,Tue,09/11/18,noite,2018-12-05, Passaredo 
SAO,RIO,214,Tue,09/11/18,noite,2018-12-05, Gol 
SAO,RIO,214,Tue,09/11/18,noite,2018-12-05, Azul 
SAO,RIO,214,Tue,09/11/18,noite,2018-12-05, LATAM 
SAO,BSB,150,Tue,09/11/18,noite,2018-12-05, Gol 
SAO,BSB,180,Tue,09/11/18,noite,2018-12-05, Azul 
SAO,BSB,182,Tue,09/11/18,noite,2018-12-05, LATAM 
SAO,BSB,182,Tue,09/11/18,noite,2018-12-05, LATAM 
SAO,BSB,190,Tue,09/11/18,noite,2018-12-05, Gol 
SAO,BSB,190,Tue,09/11/18,noite,2018-12-05, Azul 
SAO,BSB,190,Tue,09/11/18,noite,2018-12-05, LATAM 
SAO,BSB,190,Tue,09/11/18,noite,2018-12-05, LATAM 
SAO,BSB,205,Tue,09/11/18,noite,2018-12-05, Azul 
SAO,BSB,225,Tue,09/11/18,noite,2018-12-05, LATAM 
SAO,FLN,211,Tue,09/11/18,noite,2018-12-05, Azul 
SAO,FLN,261,Tue,09/11/18,noite,2018-12-05, Azul 
SAO,FLN,214,Tue,09/11/18,noite,2018-12-05, Gol 
SAO,FLN,214,Tue,09/11/18,noite,2018-12-05, LATAM 
SAO,FLN,232,Tue,09/11/18,noite,2018-12-05, Gol 
SAO,FLN,232,Tue,09/11/18,noite,2018-12-05, LATAM 
SAO,FLN,241,Tue,09/11/18,noite,2018-12-05, LATAM 
SAO,FLN,241,Tue,09/11/18,noite,2018-12-05, Azul 
SAO,FLN,260,Tue,09/11/18,noite,2018-12-05, Avianca Brasil 
SAO,FLN,261,Tue,09/11/18,noite,2018-12-05, Azul 
BSB,FLN,320,Tue,09/11/18,noite,2018-12-05, LATAM 
BSB,FLN,340,Tue,09/11/18,noite,2018-12-05, LATAM 
BSB,FLN,344,Tue,09/11/18,noite,2018-12-05, Azul 
BSB,FLN,359,Tue,09/11/18,noite,2018-12-05, LATAM 
BSB,FLN,381,Tue,09/11/18,noite,2018-12-05, LATAM 
BSB,FLN,382,Tue,09/11/18,noite,2018-12-05, Azul 
BSB,FLN,407,Tue,09/11/18,noite,2018-12-05, Azul 
BSB,FLN,417,Tue,09/11/18,noite,2018-12-05, LATAM 
BSB,FLN,438,Tue,09/11/18,noite,2018-12-05, Gol 
BSB,FLN,438,Tue,09/11/18,noite,2018-12-05, LATAM 
BSB,POA,266,Tue,09/11/18,noite,2018-12-05, Azul 
BSB,POA,326,Tue,09/11/18,noite,2018-12-05, Azul 
BSB,POA,269,Tue,09/11/18,noite,2018-12-05, Azul 
BSB,POA,269,Tue,09/11/18,noite,2018-12-05, LATAM 
BSB,POA,270,Tue,09/11/18,noite,2018-12-05, LATAM 
BSB,POA,320,Tue,09/11/18,noite,2018-12-05, LATAM 
BSB,POA,320,Tue,09/11/18,noite,2018-12-05, Gol 
BSB,POA,362,Tue,09/11/18,noite,2018-12-05, Azul 
BSB,POA,388,Tue,09/11/18,noite,2018-12-05, LATAM 
BSB,POA,436,Tue,09/11/18,noite,2018-12-05, LATAM 
BSB,SAO,150,Tue,09/11/18,noite,2018-12-05, Gol 
BSB,SAO,180,Tue,09/11/18,noite,2018-12-05, Azul 
BSB,SAO,180,Tue,09/11/18,noite,2018-12-05, LATAM 
BSB,SAO,189,Tue,09/11/18,noite,2018-12-05, LATAM 
BSB,SAO,189,Tue,09/11/18,noite,2018-12-05, Gol 
BSB,SAO,189,Tue,09/11/18,noite,2018-12-05, Azul 
BSB,SAO,202,Tue,09/11/18,noite,2018-12-05, Azul 
BSB,SAO,205,Tue,09/11/18,noite,2018-12-05, Azul 
BSB,SAO,225,Tue,09/11/18,noite,2018-12-05, LATAM 
BSB,SAO,225,Tue,09/11/18,noite,2018-12-05, Gol 
BSB,RIO,170,Tue,09/11/18,noite,2018-12-05, Gol 
BSB,RIO,170,Tue,09/11/18,noite,2018-12-05, Gol 
BSB,RIO,195,Tue,09/11/18,noite,2018-12-05, Gol 
BSB,RIO,200,Tue,09/11/18,noite,2018-12-05, LATAM 
BSB,RIO,219,Tue,09/11/18,noite,2018-12-05, LATAM 
BSB,RIO,229,Tue,09/11/18,noite,2018-12-05, Gol 
BSB,RIO,230,Tue,09/11/18,noite,2018-12-05, LATAM 
BSB,RIO,240,Tue,09/11/18,noite,2018-12-05, LATAM 
BSB,RIO,250,Tue,09/11/18,noite,2018-12-05, Azul 
BSB,RIO,269,Tue,09/11/18,noite,2018-12-05, Passaredo 
RIO,FLN,321,Tue,09/11/18,noite,2018-12-05, Gol 
RIO,FLN,386,Tue,09/11/18,noite,2018-12-05, Gol 
RIO,FLN,321,Tue,09/11/18,noite,2018-12-05, LATAM 
RIO,FLN,324,Tue,09/11/18,noite,2018-12-05, Azul 
RIO,FLN,333,Tue,09/11/18,noite,2018-12-05, Gol 
RIO,FLN,333,Tue,09/11/18,noite,2018-12-05, LATAM 
RIO,FLN,358,Tue,09/11/18,noite,2018-12-05, Azul 
RIO,FLN,371,Tue,09/11/18,noite,2018-12-05, Azul 
RIO,FLN,412,Tue,09/11/18,noite,2018-12-05, Azul 
RIO,FLN,441,Tue,09/11/18,noite,2018-12-05, Avianca Brasil 
POA,BSB,267,Tue,09/11/18,noite,2018-12-05, Azul 
POA,BSB,327,Tue,09/11/18,noite,2018-12-05, Azul 
POA,BSB,270,Tue,09/11/18,noite,2018-12-05, Azul 
POA,BSB,271,Tue,09/11/18,noite,2018-12-05, LATAM 
POA,BSB,271,Tue,09/11/18,noite,2018-12-05, LATAM 
POA,BSB,321,Tue,09/11/18,noite,2018-12-05, LATAM 
POA,BSB,321,Tue,09/11/18,noite,2018-12-05, Gol 
POA,BSB,363,Tue,09/11/18,noite,2018-12-05, Azul 
POA,BSB,370,Tue,09/11/18,noite,2018-12-05, Gol 
POA,BSB,390,Tue,09/11/18,noite,2018-12-05, LATAM 
POA,RIO,271,Tue,09/11/18,noite,2018-12-05, LATAM 
POA,RIO,336,Tue,09/11/18,noite,2018-12-05, LATAM 
POA,RIO,271,Tue,09/11/18,noite,2018-12-05, LATAM 
POA,RIO,302,Tue,09/11/18,noite,2018-12-05, LATAM 
POA,RIO,326,Tue,09/11/18,noite,2018-12-05, LATAM 
POA,RIO,327,Tue,09/11/18,noite,2018-12-05, LATAM 
POA,RIO,349,Tue,09/11/18,noite,2018-12-05, Gol 
POA,RIO,349,Tue,09/11/18,noite,2018-12-05, Azul 
POA,RIO,350,Tue,09/11/18,noite,2018-12-05, Gol 
POA,RIO,358,Tue,09/11/18,noite,2018-12-05, LATAM 
SAO,RIO,202,Tue,09/11/18,noite,2018-12-20, Gol 
SAO,RIO,267,Tue,09/11/18,noite,2018-12-20, Gol 
SAO,RIO,211,Tue,09/11/18,noite,2018-12-20, Gol 
SAO,RIO,213,Tue,09/11/18,noite,2018-12-20, Passaredo 
SAO,RIO,214,Tue,09/11/18,noite,2018-12-20, Gol 
SAO,RIO,221,Tue,09/11/18,noite,2018-12-20, Gol 
SAO,RIO,221,Tue,09/11/18,noite,2018-12-20, LATAM 
SAO,RIO,242,Tue,09/11/18,noite,2018-12-20, Gol 
SAO,RIO,256,Tue,09/11/18,noite,2018-12-20, LATAM 
SAO,RIO,280,Tue,09/11/18,noite,2018-12-20, Gol 
SAO,BSB,150,Tue,09/11/18,noite,2018-12-20, Gol 
SAO,BSB,182,Tue,09/11/18,noite,2018-12-20, LATAM 
SAO,BSB,190,Tue,09/11/18,noite,2018-12-20, Gol 
SAO,BSB,190,Tue,09/11/18,noite,2018-12-20, LATAM 
SAO,BSB,225,Tue,09/11/18,noite,2018-12-20, Gol 
SAO,BSB,232,Tue,09/11/18,noite,2018-12-20, Gol 
SAO,BSB,252,Tue,09/11/18,noite,2018-12-20, LATAM 
SAO,BSB,261,Tue,09/11/18,noite,2018-12-20, Gol 
SAO,BSB,267,Tue,09/11/18,noite,2018-12-20, LATAM 
SAO,BSB,309,Tue,09/11/18,noite,2018-12-20, LATAM 
SAO,FLN,214,Tue,09/11/18,noite,2018-12-20, Gol 
SAO,FLN,279,Tue,09/11/18,noite,2018-12-20, Gol 
SAO,FLN,232,Tue,09/11/18,noite,2018-12-20, Gol 
SAO,FLN,272,Tue,09/11/18,noite,2018-12-20, LATAM 
SAO,FLN,280,Tue,09/11/18,noite,2018-12-20, Gol 
SAO,FLN,321,Tue,09/11/18,noite,2018-12-20, Gol 
SAO,FLN,391,Tue,09/11/18,noite,2018-12-20, Gol 
SAO,FLN,401,Tue,09/11/18,noite,2018-12-20, Azul 
SAO,FLN,437,Tue,09/11/18,noite,2018-12-20, LATAM 
SAO,FLN,438,Tue,09/11/18,noite,2018-12-20, Gol 
BSB,FLN,438,Tue,09/11/18,noite,2018-12-20, Gol 
BSB,FLN,525,Tue,09/11/18,noite,2018-12-20, LATAM 
BSB,FLN,557,Tue,09/11/18,noite,2018-12-20, LATAM 
BSB,FLN,590,Tue,09/11/18,noite,2018-12-20, LATAM 
BSB,FLN,693,Tue,09/11/18,noite,2018-12-20, LATAM 
BSB,FLN,769,Tue,09/11/18,noite,2018-12-20, LATAM 
BSB,FLN,805,Tue,09/11/18,noite,2018-12-20, Avianca Brasil 
BSB,FLN,845,Tue,09/11/18,noite,2018-12-20, Gol 
BSB,FLN,874,Tue,09/11/18,noite,2018-12-20, Azul 
BSB,FLN,925,Tue,09/11/18,noite,2018-12-20, LATAM 
BSB,POA,531,Tue,09/11/18,noite,2018-12-20, Gol 
BSB,POA,550,Tue,09/11/18,noite,2018-12-20, LATAM 
BSB,POA,647,Tue,09/11/18,noite,2018-12-20, LATAM 
BSB,POA,708,Tue,09/11/18,noite,2018-12-20, LATAM 
BSB,POA,755,Tue,09/11/18,noite,2018-12-20, Gol 
BSB,POA,846,Tue,09/11/18,noite,2018-12-20, Azul 
BSB,POA,882,Tue,09/11/18,noite,2018-12-20, Avianca Brasil 
BSB,POA,956,Tue,09/11/18,noite,2018-12-20, Azul 
BSB,POA,976,Tue,09/11/18,noite,2018-12-20, LATAM 
BSB,POA,1035,Tue,09/11/18,noite,2018-12-20, LATAM 
BSB,SAO,189,Tue,09/11/18,noite,2018-12-20, Gol 
BSB,SAO,254,Tue,09/11/18,noite,2018-12-20, Gol 
BSB,SAO,225,Tue,09/11/18,noite,2018-12-20, Gol 
BSB,SAO,230,Tue,09/11/18,noite,2018-12-20, Gol 
BSB,SAO,255,Tue,09/11/18,noite,2018-12-20, Passaredo 
BSB,SAO,260,Tue,09/11/18,noite,2018-12-20, Gol 
BSB,SAO,267,Tue,09/11/18,noite,2018-12-20, LATAM 
BSB,SAO,321,Tue,09/11/18,noite,2018-12-20, LATAM 
BSB,SAO,337,Tue,09/11/18,noite,2018-12-20, LATAM 
BSB,SAO,360,Tue,09/11/18,noite,2018-12-20, Gol 
BSB,RIO,269,Tue,09/11/18,noite,2018-12-20, Passaredo 
BSB,RIO,426,Tue,09/11/18,noite,2018-12-20, LATAM 
BSB,RIO,356,Tue,09/11/18,noite,2018-12-20, LATAM 
BSB,RIO,379,Tue,09/11/18,noite,2018-12-20, Avianca Brasil 
BSB,RIO,390,Tue,09/11/18,noite,2018-12-20, LATAM 
BSB,RIO,409,Tue,09/11/18,noite,2018-12-20, Avianca Brasil 
BSB,RIO,417,Tue,09/11/18,noite,2018-12-20, Gol 
BSB,RIO,465,Tue,09/11/18,noite,2018-12-20, Avianca Brasil 
BSB,RIO,465,Tue,09/11/18,noite,2018-12-20, LATAM 
BSB,RIO,478,Tue,09/11/18,noite,2018-12-20, Gol 
RIO,FLN,321,Tue,09/11/18,noite,2018-12-20, Gol 
RIO,FLN,386,Tue,09/11/18,noite,2018-12-20, Gol 
RIO,FLN,333,Tue,09/11/18,noite,2018-12-20, Gol 
RIO,FLN,409,Tue,09/11/18,noite,2018-12-20, Gol 
RIO,FLN,428,Tue,09/11/18,noite,2018-12-20, Azul 
RIO,FLN,430,Tue,09/11/18,noite,2018-12-20, LATAM 
RIO,FLN,435,Tue,09/11/18,noite,2018-12-20, LATAM 
RIO,FLN,466,Tue,09/11/18,noite,2018-12-20, LATAM 
RIO,FLN,469,Tue,09/11/18,noite,2018-12-20, Gol 
RIO,FLN,474,Tue,09/11/18,noite,2018-12-20, Azul 
POA,BSB,271,Tue,09/11/18,noite,2018-12-20, LATAM 
POA,BSB,321,Tue,09/11/18,noite,2018-12-20, LATAM 
POA,BSB,370,Tue,09/11/18,noite,2018-12-20, Gol 
POA,BSB,421,Tue,09/11/18,noite,2018-12-20, LATAM 
POA,BSB,421,Tue,09/11/18,noite,2018-12-20, LATAM 
POA,BSB,439,Tue,09/11/18,noite,2018-12-20, LATAM 
POA,BSB,467,Tue,09/11/18,noite,2018-12-20, Azul 
POA,BSB,496,Tue,09/11/18,noite,2018-12-20, LATAM 
POA,BSB,533,Tue,09/11/18,noite,2018-12-20, Gol 
POA,BSB,584,Tue,09/11/18,noite,2018-12-20, Azul 
POA,RIO,327,Tue,09/11/18,noite,2018-12-20, LATAM 
POA,RIO,392,Tue,09/11/18,noite,2018-12-20, LATAM 
POA,RIO,349,Tue,09/11/18,noite,2018-12-20, Gol 
POA,RIO,358,Tue,09/11/18,noite,2018-12-20, LATAM 
POA,RIO,364,Tue,09/11/18,noite,2018-12-20, Gol 
POA,RIO,400,Tue,09/11/18,noite,2018-12-20, LATAM 
POA,RIO,452,Tue,09/11/18,noite,2018-12-20, LATAM 
POA,RIO,483,Tue,09/11/18,noite,2018-12-20, LATAM 
POA,RIO,495,Tue,09/11/18,noite,2018-12-20, Gol 
POA,RIO,610,Tue,09/11/18,noite,2018-12-20, LATAM 
SAO,RIO,256,Wed,09/12/18,manha,2018-09-30, Azul 
SAO,RIO,316,Wed,09/12/18,manha,2018-09-30, Azul 
SAO,RIO,266,Wed,09/12/18,manha,2018-09-30, LATAM 
SAO,RIO,266,Wed,09/12/18,manha,2018-09-30, Gol 
SAO,RIO,334,Wed,09/12/18,manha,2018-09-30, Azul 
SAO,RIO,396,Wed,09/12/18,manha,2018-09-30, Azul 
SAO,RIO,398,Wed,09/12/18,manha,2018-09-30, Gol 
SAO,RIO,457,Wed,09/12/18,manha,2018-09-30, Avianca Brasil 
SAO,RIO,466,Wed,09/12/18,manha,2018-09-30, Gol 
SAO,RIO,470,Wed,09/12/18,manha,2018-09-30, Avianca Brasil 
SAO,BSB,475,Wed,09/12/18,manha,2018-09-30, Gol 
SAO,BSB,547,Wed,09/12/18,manha,2018-09-30, Gol 
SAO,BSB,574,Wed,09/12/18,manha,2018-09-30, LATAM 
SAO,BSB,580,Wed,09/12/18,manha,2018-09-30, LATAM 
SAO,BSB,611,Wed,09/12/18,manha,2018-09-30, Azul 
SAO,BSB,624,Wed,09/12/18,manha,2018-09-30, Avianca Brasil 
SAO,BSB,625,Wed,09/12/18,manha,2018-09-30, LATAM 
SAO,BSB,657,Wed,09/12/18,manha,2018-09-30, Azul 
SAO,BSB,690,Wed,09/12/18,manha,2018-09-30, Azul 
SAO,BSB,743,Wed,09/12/18,manha,2018-09-30, Gol 
SAO,FLN,370,Wed,09/12/18,manha,2018-09-30, LATAM 
SAO,FLN,370,Wed,09/12/18,manha,2018-09-30, Gol 
SAO,FLN,370,Wed,09/12/18,manha,2018-09-30, Azul 
SAO,FLN,429,Wed,09/12/18,manha,2018-09-30, Azul 
SAO,FLN,477,Wed,09/12/18,manha,2018-09-30, Avianca Brasil 
SAO,FLN,490,Wed,09/12/18,manha,2018-09-30, Azul 
SAO,FLN,492,Wed,09/12/18,manha,2018-09-30, Azul 
SAO,FLN,532,Wed,09/12/18,manha,2018-09-30, Avianca Brasil 
SAO,FLN,534,Wed,09/12/18,manha,2018-09-30, LATAM 
SAO,FLN,547,Wed,09/12/18,manha,2018-09-30, Azul 
BSB,FLN,491,Wed,09/12/18,manha,2018-09-30, Azul 
BSB,FLN,527,Wed,09/12/18,manha,2018-09-30, Azul 
BSB,FLN,591,Wed,09/12/18,manha,2018-09-30, Azul 
BSB,FLN,717,Wed,09/12/18,manha,2018-09-30, Avianca Brasil 
BSB,FLN,734,Wed,09/12/18,manha,2018-09-30, LATAM 
BSB,FLN,865,Wed,09/12/18,manha,2018-09-30, LATAM 
BSB,FLN,874,Wed,09/12/18,manha,2018-09-30, Azul 
BSB,FLN,973,Wed,09/12/18,manha,2018-09-30, LATAM 
BSB,FLN,980,Wed,09/12/18,manha,2018-09-30, LATAM 
BSB,FLN,1012,Wed,09/12/18,manha,2018-09-30, Gol 
BSB,POA,455,Wed,09/12/18,manha,2018-09-30, Azul 
BSB,POA,466,Wed,09/12/18,manha,2018-09-30, Azul 
BSB,POA,582,Wed,09/12/18,manha,2018-09-30, Azul 
BSB,POA,611,Wed,09/12/18,manha,2018-09-30, LATAM 
BSB,POA,657,Wed,09/12/18,manha,2018-09-30, LATAM 
BSB,POA,708,Wed,09/12/18,manha,2018-09-30, LATAM 
BSB,POA,735,Wed,09/12/18,manha,2018-09-30, LATAM 
BSB,POA,821,Wed,09/12/18,manha,2018-09-30, Avianca Brasil 
BSB,POA,828,Wed,09/12/18,manha,2018-09-30, Gol 
BSB,POA,832,Wed,09/12/18,manha,2018-09-30, Avianca Brasil 
BSB,SAO,373,Wed,09/12/18,manha,2018-09-30, Passaredo 
BSB,SAO,469,Wed,09/12/18,manha,2018-09-30, Avianca Brasil 
BSB,SAO,475,Wed,09/12/18,manha,2018-09-30, Gol 
BSB,SAO,515,Wed,09/12/18,manha,2018-09-30, LATAM 
BSB,SAO,541,Wed,09/12/18,manha,2018-09-30, LATAM 
BSB,SAO,572,Wed,09/12/18,manha,2018-09-30, LATAM 
BSB,SAO,580,Wed,09/12/18,manha,2018-09-30, Azul 
BSB,SAO,610,Wed,09/12/18,manha,2018-09-30, Azul 
BSB,SAO,613,Wed,09/12/18,manha,2018-09-30, Azul 
BSB,SAO,629,Wed,09/12/18,manha,2018-09-30, Azul 
BSB,RIO,409,Wed,09/12/18,manha,2018-09-30, Avianca Brasil 
BSB,RIO,417,Wed,09/12/18,manha,2018-09-30, Gol 
BSB,RIO,417,Wed,09/12/18,manha,2018-09-30, Azul 
BSB,RIO,442,Wed,09/12/18,manha,2018-09-30, Azul 
BSB,RIO,465,Wed,09/12/18,manha,2018-09-30, Avianca Brasil 
BSB,RIO,472,Wed,09/12/18,manha,2018-09-30, Azul 
BSB,RIO,485,Wed,09/12/18,manha,2018-09-30, Azul 
BSB,RIO,495,Wed,09/12/18,manha,2018-09-30, LATAM 
BSB,RIO,495,Wed,09/12/18,manha,2018-09-30, LATAM 
BSB,RIO,541,Wed,09/12/18,manha,2018-09-30, Gol 
RIO,FLN,420,Wed,09/12/18,manha,2018-09-30, LATAM 
RIO,FLN,451,Wed,09/12/18,manha,2018-09-30, LATAM 
RIO,FLN,463,Wed,09/12/18,manha,2018-09-30, Azul 
RIO,FLN,474,Wed,09/12/18,manha,2018-09-30, Azul 
RIO,FLN,503,Wed,09/12/18,manha,2018-09-30, LATAM 
RIO,FLN,534,Wed,09/12/18,manha,2018-09-30, LATAM 
RIO,FLN,552,Wed,09/12/18,manha,2018-09-30, Gol 
RIO,FLN,553,Wed,09/12/18,manha,2018-09-30, Avianca Brasil 
RIO,FLN,554,Wed,09/12/18,manha,2018-09-30, Azul 
RIO,FLN,556,Wed,09/12/18,manha,2018-09-30, LATAM 
POA,BSB,467,Wed,09/12/18,manha,2018-09-30, Azul 
POA,BSB,496,Wed,09/12/18,manha,2018-09-30, LATAM 
POA,BSB,612,Wed,09/12/18,manha,2018-09-30, LATAM 
POA,BSB,659,Wed,09/12/18,manha,2018-09-30, LATAM 
POA,BSB,680,Wed,09/12/18,manha,2018-09-30, Azul 
POA,BSB,737,Wed,09/12/18,manha,2018-09-30, LATAM 
POA,BSB,766,Wed,09/12/18,manha,2018-09-30, LATAM 
POA,BSB,822,Wed,09/12/18,manha,2018-09-30, Avianca Brasil 
POA,BSB,830,Wed,09/12/18,manha,2018-09-30, Gol 
POA,BSB,833,Wed,09/12/18,manha,2018-09-30, Avianca Brasil 
POA,RIO,359,Wed,09/12/18,manha,2018-09-30, LATAM 
POA,RIO,617,Wed,09/12/18,manha,2018-09-30, LATAM 
POA,RIO,638,Wed,09/12/18,manha,2018-09-30, Azul 
POA,RIO,664,Wed,09/12/18,manha,2018-09-30, Avianca Brasil 
POA,RIO,671,Wed,09/12/18,manha,2018-09-30, Azul 
POA,RIO,676,Wed,09/12/18,manha,2018-09-30, Azul 
POA,RIO,721,Wed,09/12/18,manha,2018-09-30, LATAM 
POA,RIO,726,Wed,09/12/18,manha,2018-09-30, Azul 
POA,RIO,730,Wed,09/12/18,manha,2018-09-30, Avianca Brasil 
POA,RIO,734,Wed,09/12/18,manha,2018-09-30, Gol 
SAO,RIO,186,Wed,09/12/18,manha,2018-10-20, Azul 
SAO,RIO,205,Wed,09/12/18,manha,2018-10-20, Azul 
SAO,RIO,211,Wed,09/12/18,manha,2018-10-20, Gol 
SAO,RIO,213,Wed,09/12/18,manha,2018-10-20, Passaredo 
SAO,RIO,214,Wed,09/12/18,manha,2018-10-20, Gol 
SAO,RIO,214,Wed,09/12/18,manha,2018-10-20, Azul 
SAO,RIO,226,Wed,09/12/18,manha,2018-10-20, Azul 
SAO,RIO,233,Wed,09/12/18,manha,2018-10-20, Azul 
SAO,RIO,238,Wed,09/12/18,manha,2018-10-20, Azul 
SAO,RIO,244,Wed,09/12/18,manha,2018-10-20, Gol 
SAO,BSB,165,Wed,09/12/18,manha,2018-10-20, Gol 
SAO,BSB,176,Wed,09/12/18,manha,2018-10-20, Azul 
SAO,BSB,180,Wed,09/12/18,manha,2018-10-20, Azul 
SAO,BSB,205,Wed,09/12/18,manha,2018-10-20, Azul 
SAO,BSB,218,Wed,09/12/18,manha,2018-10-20, Azul 
SAO,BSB,225,Wed,09/12/18,manha,2018-10-20, LATAM 
SAO,BSB,255,Wed,09/12/18,manha,2018-10-20, Azul 
SAO,BSB,257,Wed,09/12/18,manha,2018-10-20, Passaredo 
SAO,BSB,261,Wed,09/12/18,manha,2018-10-20, Gol 
SAO,BSB,266,Wed,09/12/18,manha,2018-10-20, Azul 
SAO,FLN,236,Wed,09/12/18,manha,2018-10-20, Avianca Brasil 
SAO,FLN,262,Wed,09/12/18,manha,2018-10-20, LATAM 
SAO,FLN,280,Wed,09/12/18,manha,2018-10-20, Azul 
SAO,FLN,280,Wed,09/12/18,manha,2018-10-20, Gol 
SAO,FLN,280,Wed,09/12/18,manha,2018-10-20, LATAM 
SAO,FLN,321,Wed,09/12/18,manha,2018-10-20, Gol 
SAO,FLN,321,Wed,09/12/18,manha,2018-10-20, LATAM 
SAO,FLN,391,Wed,09/12/18,manha,2018-10-20, Gol 
SAO,FLN,401,Wed,09/12/18,manha,2018-10-20, Azul 
SAO,FLN,477,Wed,09/12/18,manha,2018-10-20, Avianca Brasil 
BSB,FLN,405,Wed,09/12/18,manha,2018-10-20, Avianca Brasil 
BSB,FLN,481,Wed,09/12/18,manha,2018-10-20, Avianca Brasil 
BSB,FLN,438,Wed,09/12/18,manha,2018-10-20, Gol 
BSB,FLN,470,Wed,09/12/18,manha,2018-10-20, LATAM 
BSB,FLN,546,Wed,09/12/18,manha,2018-10-20, LATAM 
BSB,FLN,557,Wed,09/12/18,manha,2018-10-20, LATAM 
BSB,FLN,632,Wed,09/12/18,manha,2018-10-20, Azul 
BSB,FLN,733,Wed,09/12/18,manha,2018-10-20, Azul 
BSB,FLN,1012,Wed,09/12/18,manha,2018-10-20, Gol 
BSB,FLN,1067,Wed,09/12/18,manha,2018-10-20, LATAM 
BSB,POA,420,Wed,09/12/18,manha,2018-10-20, LATAM 
BSB,POA,436,Wed,09/12/18,manha,2018-10-20, LATAM 
BSB,POA,494,Wed,09/12/18,manha,2018-10-20, LATAM 
BSB,POA,531,Wed,09/12/18,manha,2018-10-20, Gol 
BSB,POA,531,Wed,09/12/18,manha,2018-10-20, LATAM 
BSB,POA,651,Wed,09/12/18,manha,2018-10-20, Avianca Brasil 
BSB,POA,657,Wed,09/12/18,manha,2018-10-20, LATAM 
BSB,POA,739,Wed,09/12/18,manha,2018-10-20, Avianca Brasil 
BSB,POA,755,Wed,09/12/18,manha,2018-10-20, Gol 
BSB,POA,765,Wed,09/12/18,manha,2018-10-20, LATAM 
BSB,SAO,202,Wed,09/12/18,manha,2018-10-20, Azul 
BSB,SAO,252,Wed,09/12/18,manha,2018-10-20, Azul 
BSB,SAO,255,Wed,09/12/18,manha,2018-10-20, Passaredo 
BSB,SAO,260,Wed,09/12/18,manha,2018-10-20, Gol 
BSB,SAO,291,Wed,09/12/18,manha,2018-10-20, LATAM 
BSB,SAO,320,Wed,09/12/18,manha,2018-10-20, Gol 
BSB,SAO,340,Wed,09/12/18,manha,2018-10-20, Gol 
BSB,SAO,355,Wed,09/12/18,manha,2018-10-20, LATAM 
BSB,SAO,355,Wed,09/12/18,manha,2018-10-20, Gol 
BSB,SAO,355,Wed,09/12/18,manha,2018-10-20, Avianca Brasil 
BSB,RIO,269,Wed,09/12/18,manha,2018-10-20, Passaredo 
BSB,RIO,289,Wed,09/12/18,manha,2018-10-20, Avianca Brasil 
BSB,RIO,379,Wed,09/12/18,manha,2018-10-20, Avianca Brasil 
BSB,RIO,390,Wed,09/12/18,manha,2018-10-20, LATAM 
BSB,RIO,391,Wed,09/12/18,manha,2018-10-20, LATAM 
BSB,RIO,417,Wed,09/12/18,manha,2018-10-20, Gol 
BSB,RIO,417,Wed,09/12/18,manha,2018-10-20, LATAM 
BSB,RIO,448,Wed,09/12/18,manha,2018-10-20, LATAM 
BSB,RIO,465,Wed,09/12/18,manha,2018-10-20, Avianca Brasil 
BSB,RIO,478,Wed,09/12/18,manha,2018-10-20, Gol 
RIO,FLN,324,Wed,09/12/18,manha,2018-10-20, Azul 
RIO,FLN,384,Wed,09/12/18,manha,2018-10-20, Azul 
RIO,FLN,358,Wed,09/12/18,manha,2018-10-20, Azul 
RIO,FLN,409,Wed,09/12/18,manha,2018-10-20, Gol 
RIO,FLN,409,Wed,09/12/18,manha,2018-10-20, LATAM 
RIO,FLN,411,Wed,09/12/18,manha,2018-10-20, Avianca Brasil 
RIO,FLN,428,Wed,09/12/18,manha,2018-10-20, Azul 
RIO,FLN,430,Wed,09/12/18,manha,2018-10-20, Gol 
RIO,FLN,430,Wed,09/12/18,manha,2018-10-20, LATAM 
RIO,FLN,440,Wed,09/12/18,manha,2018-10-20, LATAM 
POA,BSB,363,Wed,09/12/18,manha,2018-10-20, Azul 
POA,BSB,421,Wed,09/12/18,manha,2018-10-20, LATAM 
POA,BSB,438,Wed,09/12/18,manha,2018-10-20, LATAM 
POA,BSB,467,Wed,09/12/18,manha,2018-10-20, Azul 
POA,BSB,477,Wed,09/12/18,manha,2018-10-20, Avianca Brasil 
POA,BSB,496,Wed,09/12/18,manha,2018-10-20, LATAM 
POA,BSB,533,Wed,09/12/18,manha,2018-10-20, Gol 
POA,BSB,533,Wed,09/12/18,manha,2018-10-20, LATAM 
POA,BSB,584,Wed,09/12/18,manha,2018-10-20, Azul 
POA,BSB,653,Wed,09/12/18,manha,2018-10-20, Avianca Brasil 
POA,RIO,359,Wed,09/12/18,manha,2018-10-20, LATAM 
POA,RIO,395,Wed,09/12/18,manha,2018-10-20, Azul 
POA,RIO,433,Wed,09/12/18,manha,2018-10-20, Azul 
POA,RIO,453,Wed,09/12/18,manha,2018-10-20, Gol 
POA,RIO,485,Wed,09/12/18,manha,2018-10-20, Azul 
POA,RIO,495,Wed,09/12/18,manha,2018-10-20, Gol 
POA,RIO,495,Wed,09/12/18,manha,2018-10-20, LATAM 
POA,RIO,525,Wed,09/12/18,manha,2018-10-20, Avianca Brasil 
POA,RIO,580,Wed,09/12/18,manha,2018-10-20, Avianca Brasil 
POA,RIO,588,Wed,09/12/18,manha,2018-10-20, Gol 
SAO,RIO,196,Wed,09/12/18,manha,2018-11-10, Avianca Brasil 
SAO,RIO,271,Wed,09/12/18,manha,2018-11-10, Avianca Brasil 
SAO,RIO,201,Wed,09/12/18,manha,2018-11-10, Avianca Brasil 
SAO,RIO,211,Wed,09/12/18,manha,2018-11-10, Gol 
SAO,RIO,211,Wed,09/12/18,manha,2018-11-10, Azul 
SAO,RIO,213,Wed,09/12/18,manha,2018-11-10, Passaredo 
SAO,RIO,214,Wed,09/12/18,manha,2018-11-10, Gol 
SAO,RIO,214,Wed,09/12/18,manha,2018-11-10, Azul 
SAO,RIO,226,Wed,09/12/18,manha,2018-11-10, Azul 
SAO,RIO,233,Wed,09/12/18,manha,2018-11-10, Azul 
SAO,BSB,177,Wed,09/12/18,manha,2018-11-10, Avianca Brasil 
SAO,BSB,252,Wed,09/12/18,manha,2018-11-10, Avianca Brasil 
SAO,BSB,186,Wed,09/12/18,manha,2018-11-10, Avianca Brasil 
SAO,BSB,203,Wed,09/12/18,manha,2018-11-10, Azul 
SAO,BSB,205,Wed,09/12/18,manha,2018-11-10, Azul 
SAO,BSB,225,Wed,09/12/18,manha,2018-11-10, Gol 
SAO,BSB,225,Wed,09/12/18,manha,2018-11-10, LATAM 
SAO,BSB,227,Wed,09/12/18,manha,2018-11-10, Avianca Brasil 
SAO,BSB,253,Wed,09/12/18,manha,2018-11-10, Azul 
SAO,BSB,255,Wed,09/12/18,manha,2018-11-10, Azul 
SAO,FLN,211,Wed,09/12/18,manha,2018-11-10, Azul 
SAO,FLN,261,Wed,09/12/18,manha,2018-11-10, Azul 
SAO,FLN,260,Wed,09/12/18,manha,2018-11-10, Avianca Brasil 
SAO,FLN,270,Wed,09/12/18,manha,2018-11-10, Azul 
SAO,FLN,280,Wed,09/12/18,manha,2018-11-10, Azul 
SAO,FLN,280,Wed,09/12/18,manha,2018-11-10, Gol 
SAO,FLN,280,Wed,09/12/18,manha,2018-11-10, LATAM 
SAO,FLN,316,Wed,09/12/18,manha,2018-11-10, Avianca Brasil 
SAO,FLN,321,Wed,09/12/18,manha,2018-11-10, Gol 
SAO,FLN,321,Wed,09/12/18,manha,2018-11-10, LATAM 
BSB,FLN,382,Wed,09/12/18,manha,2018-11-10, Azul 
BSB,FLN,405,Wed,09/12/18,manha,2018-11-10, LATAM 
BSB,FLN,405,Wed,09/12/18,manha,2018-11-10, Avianca Brasil 
BSB,FLN,438,Wed,09/12/18,manha,2018-11-10, Gol 
BSB,FLN,438,Wed,09/12/18,manha,2018-11-10, LATAM 
BSB,FLN,450,Wed,09/12/18,manha,2018-11-10, LATAM 
BSB,FLN,490,Wed,09/12/18,manha,2018-11-10, LATAM 
BSB,FLN,557,Wed,09/12/18,manha,2018-11-10, LATAM 
BSB,FLN,663,Wed,09/12/18,manha,2018-11-10, Azul 
BSB,FLN,1006,Wed,09/12/18,manha,2018-11-10, LATAM 
BSB,POA,362,Wed,09/12/18,manha,2018-11-10, Azul 
BSB,POA,388,Wed,09/12/18,manha,2018-11-10, LATAM 
BSB,POA,436,Wed,09/12/18,manha,2018-11-10, LATAM 
BSB,POA,466,Wed,09/12/18,manha,2018-11-10, Azul 
BSB,POA,475,Wed,09/12/18,manha,2018-11-10, Avianca Brasil 
BSB,POA,494,Wed,09/12/18,manha,2018-11-10, LATAM 
BSB,POA,531,Wed,09/12/18,manha,2018-11-10, Gol 
BSB,POA,531,Wed,09/12/18,manha,2018-11-10, LATAM 
BSB,POA,582,Wed,09/12/18,manha,2018-11-10, Azul 
BSB,POA,611,Wed,09/12/18,manha,2018-11-10, LATAM 
BSB,SAO,165,Wed,09/12/18,manha,2018-11-10, Gol 
BSB,SAO,202,Wed,09/12/18,manha,2018-11-10, Azul 
BSB,SAO,205,Wed,09/12/18,manha,2018-11-10, Azul 
BSB,SAO,225,Wed,09/12/18,manha,2018-11-10, LATAM 
BSB,SAO,225,Wed,09/12/18,manha,2018-11-10, Avianca Brasil 
BSB,SAO,255,Wed,09/12/18,manha,2018-11-10, Passaredo 
BSB,SAO,259,Wed,09/12/18,manha,2018-11-10, Avianca Brasil 
BSB,SAO,260,Wed,09/12/18,manha,2018-11-10, Gol 
BSB,SAO,260,Wed,09/12/18,manha,2018-11-10, LATAM 
BSB,SAO,260,Wed,09/12/18,manha,2018-11-10, LATAM 
BSB,RIO,173,Wed,09/12/18,manha,2018-11-10, Azul 
BSB,RIO,179,Wed,09/12/18,manha,2018-11-10, Avianca Brasil 
BSB,RIO,219,Wed,09/12/18,manha,2018-11-10, Avianca Brasil 
BSB,RIO,219,Wed,09/12/18,manha,2018-11-10, LATAM 
BSB,RIO,225,Wed,09/12/18,manha,2018-11-10, Avianca Brasil 
BSB,RIO,229,Wed,09/12/18,manha,2018-11-10, Gol 
BSB,RIO,229,Wed,09/12/18,manha,2018-11-10, Azul 
BSB,RIO,230,Wed,09/12/18,manha,2018-11-10, Gol 
BSB,RIO,230,Wed,09/12/18,manha,2018-11-10, LATAM 
BSB,RIO,240,Wed,09/12/18,manha,2018-11-10, Gol 
RIO,FLN,324,Wed,09/12/18,manha,2018-11-10, Azul 
RIO,FLN,384,Wed,09/12/18,manha,2018-11-10, Azul 
RIO,FLN,327,Wed,09/12/18,manha,2018-11-10, Avianca Brasil 
RIO,FLN,358,Wed,09/12/18,manha,2018-11-10, Azul 
RIO,FLN,385,Wed,09/12/18,manha,2018-11-10, Avianca Brasil 
RIO,FLN,409,Wed,09/12/18,manha,2018-11-10, Gol 
RIO,FLN,409,Wed,09/12/18,manha,2018-11-10, Azul 
RIO,FLN,409,Wed,09/12/18,manha,2018-11-10, LATAM 
RIO,FLN,412,Wed,09/12/18,manha,2018-11-10, Azul 
RIO,FLN,420,Wed,09/12/18,manha,2018-11-10, Avianca Brasil 
POA,BSB,347,Wed,09/12/18,manha,2018-11-10, Azul 
POA,BSB,363,Wed,09/12/18,manha,2018-11-10, Azul 
POA,BSB,390,Wed,09/12/18,manha,2018-11-10, LATAM 
POA,BSB,421,Wed,09/12/18,manha,2018-11-10, LATAM 
POA,BSB,438,Wed,09/12/18,manha,2018-11-10, LATAM 
POA,BSB,467,Wed,09/12/18,manha,2018-11-10, Azul 
POA,BSB,533,Wed,09/12/18,manha,2018-11-10, Gol 
POA,BSB,584,Wed,09/12/18,manha,2018-11-10, Azul 
POA,BSB,680,Wed,09/12/18,manha,2018-11-10, Azul 
POA,BSB,709,Wed,09/12/18,manha,2018-11-10, LATAM 
POA,RIO,395,Wed,09/12/18,manha,2018-11-10, Azul 
POA,RIO,455,Wed,09/12/18,manha,2018-11-10, Azul 
POA,RIO,433,Wed,09/12/18,manha,2018-11-10, Azul 
POA,RIO,443,Wed,09/12/18,manha,2018-11-10, LATAM 
POA,RIO,453,Wed,09/12/18,manha,2018-11-10, Gol 
POA,RIO,475,Wed,09/12/18,manha,2018-11-10, LATAM 
POA,RIO,485,Wed,09/12/18,manha,2018-11-10, Azul 
POA,RIO,495,Wed,09/12/18,manha,2018-11-10, LATAM 
POA,RIO,507,Wed,09/12/18,manha,2018-11-10, Azul 
POA,RIO,509,Wed,09/12/18,manha,2018-11-10, LATAM 
SAO,RIO,196,Wed,09/12/18,manha,2018-12-05, Avianca Brasil 
SAO,RIO,202,Wed,09/12/18,manha,2018-12-05, Gol 
SAO,RIO,202,Wed,09/12/18,manha,2018-12-05, LATAM 
SAO,RIO,211,Wed,09/12/18,manha,2018-12-05, Gol 
SAO,RIO,211,Wed,09/12/18,manha,2018-12-05, Azul 
SAO,RIO,213,Wed,09/12/18,manha,2018-12-05, Passaredo 
SAO,RIO,214,Wed,09/12/18,manha,2018-12-05, Gol 
SAO,RIO,214,Wed,09/12/18,manha,2018-12-05, Azul 
SAO,RIO,214,Wed,09/12/18,manha,2018-12-05, LATAM 
SAO,RIO,221,Wed,09/12/18,manha,2018-12-05, Gol 
SAO,BSB,150,Wed,09/12/18,manha,2018-12-05, Gol 
SAO,BSB,180,Wed,09/12/18,manha,2018-12-05, Azul 
SAO,BSB,182,Wed,09/12/18,manha,2018-12-05, LATAM 
SAO,BSB,182,Wed,09/12/18,manha,2018-12-05, LATAM 
SAO,BSB,190,Wed,09/12/18,manha,2018-12-05, Gol 
SAO,BSB,190,Wed,09/12/18,manha,2018-12-05, Azul 
SAO,BSB,190,Wed,09/12/18,manha,2018-12-05, LATAM 
SAO,BSB,190,Wed,09/12/18,manha,2018-12-05, LATAM 
SAO,BSB,205,Wed,09/12/18,manha,2018-12-05, Azul 
SAO,BSB,225,Wed,09/12/18,manha,2018-12-05, LATAM 
SAO,FLN,211,Wed,09/12/18,manha,2018-12-05, Azul 
SAO,FLN,261,Wed,09/12/18,manha,2018-12-05, Azul 
SAO,FLN,214,Wed,09/12/18,manha,2018-12-05, Gol 
SAO,FLN,232,Wed,09/12/18,manha,2018-12-05, Gol 
SAO,FLN,232,Wed,09/12/18,manha,2018-12-05, LATAM 
SAO,FLN,241,Wed,09/12/18,manha,2018-12-05, LATAM 
SAO,FLN,241,Wed,09/12/18,manha,2018-12-05, Azul 
SAO,FLN,260,Wed,09/12/18,manha,2018-12-05, Avianca Brasil 
SAO,FLN,261,Wed,09/12/18,manha,2018-12-05, Azul 
SAO,FLN,270,Wed,09/12/18,manha,2018-12-05, Azul 
BSB,FLN,320,Wed,09/12/18,manha,2018-12-05, LATAM 
BSB,FLN,340,Wed,09/12/18,manha,2018-12-05, LATAM 
BSB,FLN,344,Wed,09/12/18,manha,2018-12-05, Azul 
BSB,FLN,359,Wed,09/12/18,manha,2018-12-05, LATAM 
BSB,FLN,381,Wed,09/12/18,manha,2018-12-05, LATAM 
BSB,FLN,382,Wed,09/12/18,manha,2018-12-05, Azul 
BSB,FLN,407,Wed,09/12/18,manha,2018-12-05, Azul 
BSB,FLN,417,Wed,09/12/18,manha,2018-12-05, LATAM 
BSB,FLN,438,Wed,09/12/18,manha,2018-12-05, Gol 
BSB,FLN,438,Wed,09/12/18,manha,2018-12-05, LATAM 
BSB,POA,269,Wed,09/12/18,manha,2018-12-05, LATAM 
BSB,POA,270,Wed,09/12/18,manha,2018-12-05, LATAM 
BSB,POA,320,Wed,09/12/18,manha,2018-12-05, LATAM 
BSB,POA,320,Wed,09/12/18,manha,2018-12-05, Gol 
BSB,POA,346,Wed,09/12/18,manha,2018-12-05, Azul 
BSB,POA,362,Wed,09/12/18,manha,2018-12-05, Azul 
BSB,POA,388,Wed,09/12/18,manha,2018-12-05, LATAM 
BSB,POA,436,Wed,09/12/18,manha,2018-12-05, LATAM 
BSB,POA,466,Wed,09/12/18,manha,2018-12-05, Azul 
BSB,POA,494,Wed,09/12/18,manha,2018-12-05, LATAM 
BSB,SAO,150,Wed,09/12/18,manha,2018-12-05, Gol 
BSB,SAO,180,Wed,09/12/18,manha,2018-12-05, Azul 
BSB,SAO,180,Wed,09/12/18,manha,2018-12-05, LATAM 
BSB,SAO,189,Wed,09/12/18,manha,2018-12-05, Gol 
BSB,SAO,189,Wed,09/12/18,manha,2018-12-05, LATAM 
BSB,SAO,189,Wed,09/12/18,manha,2018-12-05, Azul 
BSB,SAO,202,Wed,09/12/18,manha,2018-12-05, Azul 
BSB,SAO,205,Wed,09/12/18,manha,2018-12-05, Azul 
BSB,SAO,225,Wed,09/12/18,manha,2018-12-05, LATAM 
BSB,SAO,225,Wed,09/12/18,manha,2018-12-05, Gol 
BSB,RIO,170,Wed,09/12/18,manha,2018-12-05, Gol 
BSB,RIO,170,Wed,09/12/18,manha,2018-12-05, Gol 
BSB,RIO,189,Wed,09/12/18,manha,2018-12-05, Gol 
BSB,RIO,195,Wed,09/12/18,manha,2018-12-05, Gol 
BSB,RIO,200,Wed,09/12/18,manha,2018-12-05, LATAM 
BSB,RIO,219,Wed,09/12/18,manha,2018-12-05, LATAM 
BSB,RIO,230,Wed,09/12/18,manha,2018-12-05, LATAM 
BSB,RIO,240,Wed,09/12/18,manha,2018-12-05, LATAM 
BSB,RIO,250,Wed,09/12/18,manha,2018-12-05, Azul 
BSB,RIO,269,Wed,09/12/18,manha,2018-12-05, Passaredo 
RIO,FLN,321,Wed,09/12/18,manha,2018-12-05, Gol 
RIO,FLN,386,Wed,09/12/18,manha,2018-12-05, Gol 
RIO,FLN,321,Wed,09/12/18,manha,2018-12-05, LATAM 
RIO,FLN,324,Wed,09/12/18,manha,2018-12-05, Azul 
RIO,FLN,333,Wed,09/12/18,manha,2018-12-05, Gol 
RIO,FLN,333,Wed,09/12/18,manha,2018-12-05, LATAM 
RIO,FLN,358,Wed,09/12/18,manha,2018-12-05, Azul 
RIO,FLN,371,Wed,09/12/18,manha,2018-12-05, Azul 
RIO,FLN,409,Wed,09/12/18,manha,2018-12-05, Gol 
RIO,FLN,412,Wed,09/12/18,manha,2018-12-05, Azul 
POA,BSB,271,Wed,09/12/18,manha,2018-12-05, LATAM 
POA,BSB,271,Wed,09/12/18,manha,2018-12-05, LATAM 
POA,BSB,321,Wed,09/12/18,manha,2018-12-05, LATAM 
POA,BSB,321,Wed,09/12/18,manha,2018-12-05, Gol 
POA,BSB,347,Wed,09/12/18,manha,2018-12-05, Azul 
POA,BSB,363,Wed,09/12/18,manha,2018-12-05, Azul 
POA,BSB,390,Wed,09/12/18,manha,2018-12-05, LATAM 
POA,BSB,405,Wed,09/12/18,manha,2018-12-05, LATAM 
POA,BSB,417,Wed,09/12/18,manha,2018-12-05, Avianca Brasil 
POA,BSB,438,Wed,09/12/18,manha,2018-12-05, LATAM 
POA,RIO,271,Wed,09/12/18,manha,2018-12-05, LATAM 
POA,RIO,271,Wed,09/12/18,manha,2018-12-05, LATAM 
POA,RIO,302,Wed,09/12/18,manha,2018-12-05, LATAM 
POA,RIO,326,Wed,09/12/18,manha,2018-12-05, LATAM 
POA,RIO,327,Wed,09/12/18,manha,2018-12-05, LATAM 
POA,RIO,349,Wed,09/12/18,manha,2018-12-05, Gol 
POA,RIO,349,Wed,09/12/18,manha,2018-12-05, Azul 
POA,RIO,350,Wed,09/12/18,manha,2018-12-05, Gol 
POA,RIO,358,Wed,09/12/18,manha,2018-12-05, LATAM 
POA,RIO,362,Wed,09/12/18,manha,2018-12-05, Azul 
SAO,RIO,202,Wed,09/12/18,manha,2018-12-20, Gol 
SAO,RIO,267,Wed,09/12/18,manha,2018-12-20, Gol 
SAO,RIO,213,Wed,09/12/18,manha,2018-12-20, Passaredo 
SAO,RIO,214,Wed,09/12/18,manha,2018-12-20, Gol 
SAO,RIO,221,Wed,09/12/18,manha,2018-12-20, Gol 
SAO,RIO,221,Wed,09/12/18,manha,2018-12-20, LATAM 
SAO,RIO,242,Wed,09/12/18,manha,2018-12-20, Gol 
SAO,RIO,256,Wed,09/12/18,manha,2018-12-20, LATAM 
SAO,RIO,280,Wed,09/12/18,manha,2018-12-20, Gol 
SAO,RIO,280,Wed,09/12/18,manha,2018-12-20, LATAM 
SAO,BSB,150,Wed,09/12/18,manha,2018-12-20, Gol 
SAO,BSB,182,Wed,09/12/18,manha,2018-12-20, LATAM 
SAO,BSB,190,Wed,09/12/18,manha,2018-12-20, Gol 
SAO,BSB,190,Wed,09/12/18,manha,2018-12-20, LATAM 
SAO,BSB,232,Wed,09/12/18,manha,2018-12-20, Gol 
SAO,BSB,252,Wed,09/12/18,manha,2018-12-20, LATAM 
SAO,BSB,261,Wed,09/12/18,manha,2018-12-20, Gol 
SAO,BSB,267,Wed,09/12/18,manha,2018-12-20, LATAM 
SAO,BSB,309,Wed,09/12/18,manha,2018-12-20, LATAM 
SAO,BSB,322,Wed,09/12/18,manha,2018-12-20, LATAM 
SAO,FLN,214,Wed,09/12/18,manha,2018-12-20, Gol 
SAO,FLN,232,Wed,09/12/18,manha,2018-12-20, Gol 
SAO,FLN,272,Wed,09/12/18,manha,2018-12-20, LATAM 
SAO,FLN,280,Wed,09/12/18,manha,2018-12-20, Gol 
SAO,FLN,321,Wed,09/12/18,manha,2018-12-20, Gol 
SAO,FLN,401,Wed,09/12/18,manha,2018-12-20, Azul 
SAO,FLN,437,Wed,09/12/18,manha,2018-12-20, LATAM 
SAO,FLN,438,Wed,09/12/18,manha,2018-12-20, Gol 
SAO,FLN,457,Wed,09/12/18,manha,2018-12-20, LATAM 
SAO,FLN,499,Wed,09/12/18,manha,2018-12-20, Avianca Brasil 
BSB,FLN,438,Wed,09/12/18,manha,2018-12-20, Gol 
BSB,FLN,525,Wed,09/12/18,manha,2018-12-20, LATAM 
BSB,FLN,557,Wed,09/12/18,manha,2018-12-20, LATAM 
BSB,FLN,589,Wed,09/12/18,manha,2018-12-20, LATAM 
BSB,FLN,677,Wed,09/12/18,manha,2018-12-20, LATAM 
BSB,FLN,693,Wed,09/12/18,manha,2018-12-20, LATAM 
BSB,FLN,805,Wed,09/12/18,manha,2018-12-20, Avianca Brasil 
BSB,FLN,845,Wed,09/12/18,manha,2018-12-20, Gol 
BSB,FLN,874,Wed,09/12/18,manha,2018-12-20, Azul 
BSB,FLN,925,Wed,09/12/18,manha,2018-12-20, LATAM 
BSB,POA,531,Wed,09/12/18,manha,2018-12-20, Gol 
BSB,POA,550,Wed,09/12/18,manha,2018-12-20, LATAM 
BSB,POA,647,Wed,09/12/18,manha,2018-12-20, LATAM 
BSB,POA,708,Wed,09/12/18,manha,2018-12-20, LATAM 
BSB,POA,755,Wed,09/12/18,manha,2018-12-20, Gol 
BSB,POA,846,Wed,09/12/18,manha,2018-12-20, Azul 
BSB,POA,882,Wed,09/12/18,manha,2018-12-20, Avianca Brasil 
BSB,POA,956,Wed,09/12/18,manha,2018-12-20, Azul 
BSB,POA,976,Wed,09/12/18,manha,2018-12-20, LATAM 
BSB,POA,1020,Wed,09/12/18,manha,2018-12-20, Gol 
BSB,SAO,189,Wed,09/12/18,manha,2018-12-20, Gol 
BSB,SAO,225,Wed,09/12/18,manha,2018-12-20, Gol 
BSB,SAO,230,Wed,09/12/18,manha,2018-12-20, Gol 
BSB,SAO,255,Wed,09/12/18,manha,2018-12-20, Passaredo 
BSB,SAO,260,Wed,09/12/18,manha,2018-12-20, Gol 
BSB,SAO,267,Wed,09/12/18,manha,2018-12-20, LATAM 
BSB,SAO,321,Wed,09/12/18,manha,2018-12-20, LATAM 
BSB,SAO,337,Wed,09/12/18,manha,2018-12-20, LATAM 
BSB,SAO,360,Wed,09/12/18,manha,2018-12-20, Gol 
BSB,SAO,378,Wed,09/12/18,manha,2018-12-20, LATAM 
BSB,RIO,170,Wed,09/12/18,manha,2018-12-20, Gol 
BSB,RIO,269,Wed,09/12/18,manha,2018-12-20, Passaredo 
BSB,RIO,356,Wed,09/12/18,manha,2018-12-20, LATAM 
BSB,RIO,356,Wed,09/12/18,manha,2018-12-20, Gol 
BSB,RIO,379,Wed,09/12/18,manha,2018-12-20, Avianca Brasil 
BSB,RIO,390,Wed,09/12/18,manha,2018-12-20, LATAM 
BSB,RIO,409,Wed,09/12/18,manha,2018-12-20, Avianca Brasil 
BSB,RIO,465,Wed,09/12/18,manha,2018-12-20, Avianca Brasil 
BSB,RIO,465,Wed,09/12/18,manha,2018-12-20, LATAM 
BSB,RIO,478,Wed,09/12/18,manha,2018-12-20, Gol 
RIO,FLN,321,Wed,09/12/18,manha,2018-12-20, Gol 
RIO,FLN,333,Wed,09/12/18,manha,2018-12-20, Gol 
RIO,FLN,409,Wed,09/12/18,manha,2018-12-20, Gol 
RIO,FLN,428,Wed,09/12/18,manha,2018-12-20, Azul 
RIO,FLN,430,Wed,09/12/18,manha,2018-12-20, LATAM 
RIO,FLN,435,Wed,09/12/18,manha,2018-12-20, LATAM 
RIO,FLN,466,Wed,09/12/18,manha,2018-12-20, LATAM 
RIO,FLN,469,Wed,09/12/18,manha,2018-12-20, Gol 
RIO,FLN,474,Wed,09/12/18,manha,2018-12-20, Azul 
RIO,FLN,500,Wed,09/12/18,manha,2018-12-20, Azul 
POA,BSB,271,Wed,09/12/18,manha,2018-12-20, LATAM 
POA,BSB,321,Wed,09/12/18,manha,2018-12-20, LATAM 
POA,BSB,370,Wed,09/12/18,manha,2018-12-20, Gol 
POA,BSB,421,Wed,09/12/18,manha,2018-12-20, LATAM 
POA,BSB,421,Wed,09/12/18,manha,2018-12-20, LATAM 
POA,BSB,439,Wed,09/12/18,manha,2018-12-20, LATAM 
POA,BSB,467,Wed,09/12/18,manha,2018-12-20, Azul 
POA,BSB,496,Wed,09/12/18,manha,2018-12-20, LATAM 
POA,BSB,533,Wed,09/12/18,manha,2018-12-20, Gol 
POA,BSB,584,Wed,09/12/18,manha,2018-12-20, Azul 
POA,RIO,327,Wed,09/12/18,manha,2018-12-20, LATAM 
POA,RIO,349,Wed,09/12/18,manha,2018-12-20, Gol 
POA,RIO,358,Wed,09/12/18,manha,2018-12-20, LATAM 
POA,RIO,364,Wed,09/12/18,manha,2018-12-20, Gol 
POA,RIO,400,Wed,09/12/18,manha,2018-12-20, LATAM 
POA,RIO,452,Wed,09/12/18,manha,2018-12-20, LATAM 
POA,RIO,483,Wed,09/12/18,manha,2018-12-20, LATAM 
POA,RIO,495,Wed,09/12/18,manha,2018-12-20, Gol 
POA,RIO,610,Wed,09/12/18,manha,2018-12-20, LATAM 
POA,RIO,611,Wed,09/12/18,manha,2018-12-20, Azul 
